정책,시간제한_분,요일,총실제수요,수요가중커버리지_%,수요발생지역커버율_%,평균재배치UD
LightGBM선제,20,월,44364.0,77.86703332665702,99.06004868812552,0.6540078620737257
LightGBM선제,20,화,43887.0,79.20449366049934,99.82910656914348,0.8603358265064247
LightGBM선제,20,수,43204.0,77.19700962827066,99.63892232200722,0.7322412560033267
LightGBM선제,20,목,35258.0,79.13232620802586,99.89505927732714,0.7828673782296924
LightGBM선제,20,금,37254.0,77.91416774153662,99.58393729532399,0.7261510948533969
LightGBM선제,20,토,15424.0,72.24382124095918,99.33220954356847,0.8720272520942712
LightGBM선제,20,일,13191.0,74.1012938224547,99.71950572359943,0.8006731727351218
LightGBM선제,30,월,44364.0,82.84132580630603,99.35758723289153,1.9468727926041718
LightGBM선제,30,화,43887.0,82.8162355544357,99.9658213138287,2.094602348428535
LightGBM선제,30,수,43204.0,81.2728164720531,99.73150634200537,1.8230004471889956
LightGBM선제,30,목,35258.0,82.87786927224832,99.95745646378127,1.7611800119630878
LightGBM선제,30,금,37254.0,81.45691796241653,99.81746926504536,1.803184775216956
LightGBM선제,30,토,15424.0,75.61176150235615,99.57857883817427,2.2147129720612777
LightGBM선제,30,일,13191.0,77.08470647056669,99.75741035554545,1.8013547374854666
LightGBM선제,45,월,44364.0,87.77313948720675,99.73176449373365,2.8722738939376025
LightGBM선제,45,화,43887.0,88.59246052005231,100.0,3.1071805728772435
LightGBM선제,45,수,43204.0,87.05508186870212,100.0,2.78470422150875
LightGBM선제,45,목,35258.0,88.00524522576929,99.99149129275625,2.709735508235332
LightGBM선제,45,금,37254.0,87.11770580984167,99.95168304074731,2.8444959180464786
LightGBM선제,45,토,15424.0,79.12400970097679,99.76659751037344,3.1026122996886563
LightGBM선제,45,일,13191.0,79.35275100498102,99.93935258888636,2.6008044657895253
LightGBM선제,60,월,44364.0,90.1727513417141,99.86926336669372,4.080144342155229
LightGBM선제,60,화,43887.0,90.06678290816173,100.0,3.45600674306674
LightGBM선제,60,수,43204.0,89.7339281255632,100.0,3.3781449332322535
LightGBM선제,60,목,35258.0,89.53201490288643,100.0,3.2336021168951468
LightGBM선제,60,금,37254.0,89.38073760344467,100.0,3.361520036472052
LightGBM선제,60,토,15424.0,80.59604876900329,100.0,3.694580236827172
LightGBM선제,60,일,13191.0,80.31081310067452,100.0,3.0042647147225545
Oracle선제,20,월,44364.0,80.03104012128992,99.1592282030475,0.8470614237923855
Oracle선제,20,화,43887.0,81.79943046620491,99.85189235992435,1.2032234259601398
Oracle선제,20,수,43204.0,79.38034927018448,99.63660772150726,1.2365016024075937
Oracle선제,20,목,35258.0,81.82470251456373,99.91207669181462,1.1826953311513357
Oracle선제,20,금,37254.0,80.27943061486144,99.62151715252054,1.2067230519680614
Oracle선제,20,토,15424.0,77.5815309837103,99.41001037344398,1.34957917658645
Oracle선제,20,일,13191.0,79.99725638009234,99.79531498749147,1.4982286501681612
Oracle선제,30,월,44364.0,87.76662482657173,99.52213506446668,2.3757161538442655
Oracle선제,30,화,43887.0,88.4119218393438,99.96809989290678,2.8673692979970578
Oracle선제,30,수,43204.0,86.43816652924609,99.74076474400519,2.875923808142212
Oracle선제,30,목,35258.0,88.75147893983247,99.98865505700833,2.7457793830544084
Oracle선제,30,금,37254.0,87.07684984497554,99.8201535405594,2.786711142845878
Oracle선제,30,토,15424.0,87.50231522438877,99.74714730290457,3.3788835472740826
Oracle선제,30,일,13191.0,89.09137900094008,99.8483814722159,3.341012966215329
Oracle선제,45,월,44364.0,95.51913734974853,99.87151744657831,3.524996738629687
Oracle선제,45,화,43887.0,96.47982539479248,100.0,4.309590795427867
Oracle선제,45,수,43204.0,95.54706927937697,100.0,4.340792197620863
Oracle선제,45,목,35258.0,96.44060562864234,100.0,4.099963149319204
Oracle선제,45,금,37254.0,95.50424734765278,99.95436731626134,4.2324145294853714
Oracle선제,45,토,15424.0,95.54138999556,99.83143153526972,4.753318095071654
Oracle선제,45,일,13191.0,96.25131947802579,99.96967629444318,4.7490181767115605
Oracle선제,60,월,44364.0,99.6593449623236,99.95942656207735,4.830510612921139
Oracle선제,60,화,43887.0,99.84589407167121,100.0,5.001875349829812
Oracle선제,60,수,43204.0,99.75459569761279,100.0,5.177124551771067
Oracle선제,60,목,35258.0,99.84638869872617,100.0,4.906548703020463
Oracle선제,60,금,37254.0,99.72685941493654,100.0,4.995178845619439
Oracle선제,60,토,15424.0,99.6834756127993,100.0,5.5440020473985365
Oracle선제,60,일,13191.0,99.62567450292126,99.99241907361079,5.630990006646564
고정배치,0,월,44364.0,60.09264268325669,64.23000631142368,0.0
고정배치,0,화,43887.0,60.33107754004603,64.38808758857975,0.0
고정배치,0,수,43204.0,60.3152100114187,64.53337653920933,0.0
고정배치,0,목,35258.0,60.916671393726254,64.47898349310795,0.0
고정배치,0,금,37254.0,60.749181295968214,64.55414183711817,0.0
고정배치,0,토,15424.0,57.15551521438451,61.40430497925311,0.0
고정배치,0,일,13191.0,57.67821494453289,61.405503752558566,0.0
현재배치,0,월,44364.0,75.01184850517208,98.89550085655036,0.0
현재배치,0,화,43887.0,76.65020094351387,99.36883359536994,0.0
현재배치,0,수,43204.0,75.06467352464664,99.56948430700862,0.0
현재배치,0,목,35258.0,77.14732243410948,99.6114357025356,0.0
현재배치,0,금,37254.0,75.46587283039865,99.34235249906051,0.0
현재배치,0,토,15424.0,69.38554119708725,98.98858921161826,0.0
현재배치,0,일,13191.0,71.03314500767179,99.68918201804262,0.0
