정책,시간제한_분,총실제수요,수요가중커버리지_%,수요발생지역커버율_%,차량없는수요비율_%,평균L1분포오차,총재배치UD,평균재배치UD,총공차차량시간_분,평균예측커버리지개선_%p
LightGBM선제,20,232582.0,77.60781621914114,99.57864323120448,0.4213567687955222,0.4478436756171769,1136.2971866251332,0.7761592804816484,20149.527103101173,6.467994004013734
LightGBM선제,30,232582.0,81.52309112375612,99.74374629163047,0.2562537083695249,0.36953817752487766,2818.555391456553,1.9252427537271537,62629.090846704916,16.043689614392946
LightGBM선제,45,232582.0,86.6734117199696,99.9208881168792,0.07911188312079709,0.26653176560060826,4191.408731867292,2.8629841064667296,128077.70385911703,23.85820088722274
LightGBM선제,60,232582.0,88.652830591791,99.97506255858148,0.024937441418515505,0.22694338816418014,5070.701902967356,3.4635941960159533,194766.53288876917,28.8632849667996
Oracle선제,20,232582.0,80.3911905945747,99.61948904042444,0.3805109595755529,0.39217618810850596,1783.840693804506,1.2184704192653728,31534.236197460406,10.153920160544775
Oracle선제,30,232582.0,87.7380356317624,99.79878064510581,0.20121935489418874,0.24523928736475206,4267.441828043012,2.914919281450145,93966.90357670793,24.290994012084536
Oracle선제,45,232582.0,95.88590839403734,99.9552845878013,0.044715412198703675,0.08228183211925336,6282.20317107819,4.2911223846162505,184264.658519439,35.759353205135426
Oracle선제,60,232582.0,99.75109887762255,99.991830838156,0.008169161843996076,0.004978022447549127,7556.984244149358,5.161874483708578,272716.43662317516,43.01562069757148
고정배치,0,232582.0,60.077341898054584,64.058267621742,35.941732378257996,0.798453162038908,0.0,0.0,0.0,0.0
현재배치,0,232582.0,75.128487565142,99.3413075818421,0.6586924181579024,0.49743024869715985,0.0,0.0,0.0,0.0
