정책,시간제한_분,시간대,분석일수,총실제수요,수요가중커버리지_%,수요발생지역커버율_%,평균재배치UD
LightGBM선제,20,0,61,375.0,23.627551180088606,88.26666666666667,1.0294254106461775
LightGBM선제,20,1,61,234.0,19.806277983553294,88.46153846153845,0.9013017117736642
LightGBM선제,20,2,61,222.0,18.920791525851655,95.04504504504504,0.8922699211558455
LightGBM선제,20,3,61,173.0,12.491514673773919,91.32947976878613,0.8331797729723225
LightGBM선제,20,4,61,630.0,36.51377800836927,84.76190476190476,1.4505290017609973
LightGBM선제,20,5,61,777.0,42.10780551663749,86.87258687258688,2.209145624913067
LightGBM선제,20,6,61,1327.0,48.697703002934304,84.0241145440844,1.7514912185040603
LightGBM선제,20,7,61,10393.0,68.8399775175248,95.72789377465601,1.241870952913308
LightGBM선제,20,8,61,16750.0,77.87056209233356,99.87462686567164,0.9493199323792143
LightGBM선제,20,9,61,19053.0,79.34369902698913,100.0,0.546333310838163
LightGBM선제,20,10,61,22439.0,84.03968354517389,100.0,0.608684001089548
LightGBM선제,20,11,61,19811.0,79.1213940196928,100.0,0.42964424529521794
LightGBM선제,20,12,61,26564.0,82.60162135297855,100.0,0.48947523074373217
LightGBM선제,20,13,61,24004.0,79.64927533259586,100.0,0.33867402989035367
LightGBM선제,20,14,61,23845.0,77.231240441037,100.0,0.36115738255172236
LightGBM선제,20,15,61,20153.0,77.39544089120498,100.0,0.31059646145586794
LightGBM선제,20,16,61,15774.0,79.68800517807075,100.0,0.3883155478681602
LightGBM선제,20,17,61,11298.0,77.50308877238588,100.0,0.5654844448786426
LightGBM선제,20,18,61,7898.0,75.46701159199246,100.0,0.43708452213222465
LightGBM선제,20,19,61,4976.0,73.4239463321575,100.0,0.6607315918173419
LightGBM선제,20,20,61,2500.0,61.10870143699433,100.0,0.38535200373374096
LightGBM선제,20,21,61,1571.0,57.385981388211796,100.0,0.49322513224175796
LightGBM선제,20,22,61,1165.0,48.22726352133572,99.65665236051503,0.6305777381606675
LightGBM선제,20,23,61,650.0,37.88515497759576,99.38461538461539,0.7239535418437616
LightGBM선제,30,0,61,375.0,27.026147112304393,90.13333333333333,2.604606141815815
LightGBM선제,30,1,61,234.0,20.056005303805495,89.74358974358975,2.4672067617449125
LightGBM선제,30,2,61,222.0,21.602527600538927,95.4954954954955,2.6686440999396157
LightGBM선제,30,3,61,173.0,16.218489659831885,94.79768786127167,2.8351097817206705
LightGBM선제,30,4,61,630.0,49.47262918677494,89.52380952380953,3.810783402275993
LightGBM선제,30,5,61,777.0,53.03752391409974,90.47619047619048,4.335584246284936
LightGBM선제,30,6,61,1327.0,65.34766417247988,94.72494348153731,4.301389185014158
LightGBM선제,30,7,61,10393.0,79.70405932931298,97.25776965265082,2.842453387280282
LightGBM선제,30,8,61,16750.0,84.43497258226371,99.89850746268657,1.9052148534501878
LightGBM선제,30,9,61,19053.0,84.48570247537006,100.0,1.476080396559167
LightGBM선제,30,10,61,22439.0,85.24727266650186,100.0,1.0186994962519118
LightGBM선제,30,11,61,19811.0,81.67929079150143,100.0,0.9529677817776673
LightGBM선제,30,12,61,26564.0,86.25161768913043,100.0,1.1116805092724682
LightGBM선제,30,13,61,24004.0,81.8209346906106,100.0,0.7486990222714296
LightGBM선제,30,14,61,23845.0,82.12257777184452,100.0,1.1983301613266462
LightGBM선제,30,15,61,20153.0,81.2993633580525,100.0,0.9575712445676807
LightGBM선제,30,16,61,15774.0,83.12009966325296,100.0,1.1485447073880157
LightGBM선제,30,17,61,11298.0,79.6050858797146,100.0,1.1198206969372613
LightGBM선제,30,18,61,7898.0,78.32700584353603,100.0,1.1817954408719533
LightGBM선제,30,19,61,4976.0,76.07146423717683,100.0,1.3646744332092244
LightGBM선제,30,20,61,2500.0,62.81954259609326,100.0,0.9729431573347047
LightGBM선제,30,21,61,1571.0,59.4688643562195,100.0,1.3386083514025688
LightGBM선제,30,22,61,1165.0,51.90749102853387,99.65665236051503,2.004630996223242
LightGBM선제,30,23,61,650.0,39.131371516242545,100.0,1.8397878345311738
LightGBM선제,45,0,61,375.0,28.80747837933388,91.2,3.559563503009115
LightGBM선제,45,1,61,234.0,21.42842620169748,90.5982905982906,3.516300590007881
LightGBM선제,45,2,61,222.0,23.948963789551275,97.2972972972973,3.783357471873475
LightGBM선제,45,3,61,173.0,17.772149235704596,95.37572254335261,4.161609190937715
LightGBM선제,45,4,61,630.0,52.599731894585446,93.17460317460318,4.821896035365542
LightGBM선제,45,5,61,777.0,59.75875725787538,98.58429858429858,5.7518939721061795
LightGBM선제,45,6,61,1327.0,71.6808015102983,99.698568198945,5.381546655775987
LightGBM선제,45,7,61,10393.0,86.87841208725959,99.5285288174733,3.8779257915194245
LightGBM선제,45,8,61,16750.0,90.38359826969855,99.95223880597015,2.925951300816485
LightGBM선제,45,9,61,19053.0,89.58662140748062,100.0,2.326169731404356
LightGBM선제,45,10,61,22439.0,89.60383877183801,100.0,1.812565562726016
LightGBM선제,45,11,61,19811.0,87.15460155559019,100.0,1.8360963868718294
LightGBM선제,45,12,61,26564.0,90.7450843968225,100.0,1.8489858890867419
LightGBM선제,45,13,61,24004.0,85.71437543661474,100.0,1.4062171730106368
LightGBM선제,45,14,61,23845.0,89.0488568549479,100.0,2.319913831484714
LightGBM선제,45,15,61,20153.0,88.44109581295105,100.0,2.060783830081296
LightGBM선제,45,16,61,15774.0,87.76326017783232,100.0,2.0983744925572094
LightGBM선제,45,17,61,11298.0,84.94045474191326,100.0,2.053640345066803
LightGBM선제,45,18,61,7898.0,81.88233188370711,100.0,1.9774798371851303
LightGBM선제,45,19,61,4976.0,77.66941124390833,100.0,1.8663458790018626
LightGBM선제,45,20,61,2500.0,64.656419446126,100.0,1.5419208520718988
LightGBM선제,45,21,61,1571.0,61.890527950082685,100.0,2.234523227844144
LightGBM선제,45,22,61,1165.0,54.15260433745094,100.0,2.934287738295868
LightGBM선제,45,23,61,650.0,39.757482525194185,100.0,2.614269267101192
LightGBM선제,60,0,61,375.0,30.988938670723865,96.53333333333333,4.575714297465155
LightGBM선제,60,1,61,234.0,22.793846696155818,95.2991452991453,4.545356465452679
LightGBM선제,60,2,61,222.0,25.200627413237807,99.54954954954955,4.909689683503972
LightGBM선제,60,3,61,173.0,18.240271781908483,97.6878612716763,4.916883076634256
LightGBM선제,60,4,61,630.0,55.77274912213158,95.87301587301587,5.736449315572823
LightGBM선제,60,5,61,777.0,62.23272219667017,99.61389961389962,6.424695385871833
LightGBM선제,60,6,61,1327.0,73.5149251798843,100.0,6.082700035873118
LightGBM선제,60,7,61,10393.0,89.4759859945812,100.0,4.59220614622182
LightGBM선제,60,8,61,16750.0,91.26835801324549,100.0,3.159227540511484
LightGBM선제,60,9,61,19053.0,90.8898065141158,100.0,2.622445454313296
LightGBM선제,60,10,61,22439.0,91.04056442573369,100.0,2.274243108368265
LightGBM선제,60,11,61,19811.0,90.060114575118,100.0,2.3463453185288015
LightGBM선제,60,12,61,26564.0,91.9345743884303,100.0,2.176448009064511
LightGBM선제,60,13,61,24004.0,90.75550585513982,100.0,2.2427993481482362
LightGBM선제,60,14,61,23845.0,90.99852354612953,100.0,2.7017219944897986
LightGBM선제,60,15,61,20153.0,90.39418930603274,100.0,2.480046562724607
LightGBM선제,60,16,61,15774.0,88.66869395487124,100.0,2.367400021432472
LightGBM선제,60,17,61,11298.0,86.3928936166687,100.0,2.4690056911156657
LightGBM선제,60,18,61,7898.0,82.95757023903917,100.0,2.3148918374028082
LightGBM선제,60,19,61,4976.0,78.6346221981986,100.0,2.3843576886491715
LightGBM선제,60,20,61,2500.0,69.04692371492936,100.0,2.7407226517248446
LightGBM선제,60,21,61,1571.0,62.908973014289145,100.0,2.6702480855785784
LightGBM선제,60,22,61,1165.0,54.6726765982823,100.0,3.2756817810173176
LightGBM선제,60,23,61,650.0,40.45797489564673,100.0,3.1169812047173595
Oracle선제,20,0,61,375.0,37.96550686338056,88.26666666666667,1.9009510870391773
Oracle선제,20,1,61,234.0,33.04851704819885,91.45299145299145,1.3268810837435552
Oracle선제,20,2,61,222.0,32.470368447948175,97.2972972972973,1.4508845453041248
Oracle선제,20,3,61,173.0,24.648821643923977,95.37572254335261,1.269058367804401
Oracle선제,20,4,61,630.0,48.57367366980663,88.57142857142857,2.1306633934340238
Oracle선제,20,5,61,777.0,53.02043159741074,88.54568854568855,2.6941614842814077
Oracle선제,20,6,61,1327.0,57.6031694548789,84.92840994724943,2.2331577180112596
Oracle선제,20,7,61,10393.0,71.18199013674197,95.94919657461753,1.3347502021250226
Oracle선제,20,8,61,16750.0,80.23558026551646,99.87462686567164,1.0252260255758399
Oracle선제,20,9,61,19053.0,81.56697378173212,100.0,0.6749981980114574
Oracle선제,20,10,61,22439.0,86.55236133372783,100.0,0.7712030767241331
Oracle선제,20,11,61,19811.0,80.94309390625135,100.0,0.5237537057845687
Oracle선제,20,12,61,26564.0,84.63538954213008,100.0,0.5823449001374944
Oracle선제,20,13,61,24004.0,81.67850787796502,100.0,0.464091821012524
Oracle선제,20,14,61,23845.0,79.03903429571757,100.0,0.47508966632310884
Oracle선제,20,15,61,20153.0,79.38375650945763,100.0,0.49760487340052023
Oracle선제,20,16,61,15774.0,82.2237001166935,100.0,0.5682848961059932
Oracle선제,20,17,61,11298.0,81.306872181946,100.0,0.7786186143885372
Oracle선제,20,18,61,7898.0,80.60270889387235,100.0,0.7950402221632984
Oracle선제,20,19,61,4976.0,80.12711502311322,100.0,1.0172146254939987
Oracle선제,20,20,61,2500.0,69.4434080485283,100.0,1.1447114330102608
Oracle선제,20,21,61,1571.0,67.87707501856485,100.0,1.4989869717786293
Oracle선제,20,22,61,1165.0,61.40833231604119,100.0,1.7960216346532238
Oracle선제,20,23,61,650.0,55.760873842133506,99.38461538461539,2.2895915160623885
Oracle선제,30,0,61,375.0,63.728609155673865,90.13333333333333,5.011102364299086
Oracle선제,30,1,61,234.0,57.37859307026593,95.72649572649573,3.9506533062414806
Oracle선제,30,2,61,222.0,59.30290054676799,98.1981981981982,4.401646628239
Oracle선제,30,3,61,173.0,50.87996088549489,99.42196531791907,4.15636210474909
Oracle선제,30,4,61,630.0,73.31516873139952,94.92063492063491,5.089726476520334
Oracle선제,30,5,61,777.0,75.49003982738591,95.36679536679536,5.446193544116655
Oracle선제,30,6,61,1327.0,81.37440535109049,95.40316503391108,4.846660464992524
Oracle선제,30,7,61,10393.0,85.67879482060607,97.41171942653709,3.2945445150860513
Oracle선제,30,8,61,16750.0,89.53214405428861,99.91044776119404,2.162555602764368
Oracle선제,30,9,61,19053.0,90.21884046489228,100.0,1.798864735433965
Oracle선제,30,10,61,22439.0,90.03899379543424,100.0,1.3297097678560796
Oracle선제,30,11,61,19811.0,86.49632443371767,100.0,1.2653052458673897
Oracle선제,30,12,61,26564.0,90.44529237316743,100.0,1.2703279272135513
Oracle선제,30,13,61,24004.0,86.26279024009635,100.0,1.031587463517341
Oracle선제,30,14,61,23845.0,86.63164356495942,100.0,1.3858194063151912
Oracle선제,30,15,61,20153.0,86.02413675173142,100.0,1.2970785147358805
Oracle선제,30,16,61,15774.0,89.65712686231464,100.0,1.5509666472593662
Oracle선제,30,17,61,11298.0,86.99030438640733,100.0,1.6027837339484907
Oracle선제,30,18,61,7898.0,88.7578851815701,100.0,1.8441736275887932
Oracle선제,30,19,61,4976.0,89.01983434874441,100.0,2.0947044913526893
Oracle선제,30,20,61,2500.0,80.66961479741211,100.0,2.50888555188966
Oracle선제,30,21,61,1571.0,83.18777414954812,100.0,3.461620349751017
Oracle선제,30,22,61,1165.0,82.02104504538167,100.0,4.302065695156581
Oracle선제,30,23,61,650.0,76.25732751890445,99.53846153846155,4.854724589908886
Oracle선제,45,0,61,375.0,81.20129702148014,91.2,7.280720341619963
Oracle선제,45,1,61,234.0,76.69559761399736,97.86324786324786,6.3690606227892435
Oracle선제,45,2,61,222.0,81.77627629201058,100.0,7.003967055737477
Oracle선제,45,3,61,173.0,76.17458562862802,99.42196531791907,6.959669994298168
Oracle선제,45,4,61,630.0,84.93860927539114,97.46031746031746,6.517759127297469
Oracle선제,45,5,61,777.0,89.51852065795853,99.74259974259975,7.202113203385256
Oracle선제,45,6,61,1327.0,93.9849365817222,99.77392614920875,6.441933703981856
Oracle선제,45,7,61,10393.0,95.62222175101365,99.61512556528433,4.434010938810293
Oracle선제,45,8,61,16750.0,98.05241264767955,99.97611940298508,3.215898334214474
Oracle선제,45,9,61,19053.0,97.48205471055415,100.0,2.703063890734035
Oracle선제,45,10,61,22439.0,97.39096455150278,100.0,2.18930470210527
Oracle선제,45,11,61,19811.0,94.80298202996919,100.0,2.2155798291721855
Oracle선제,45,12,61,26564.0,97.00051348905092,100.0,2.0146860230755164
Oracle선제,45,13,61,24004.0,92.5830303396576,100.0,1.7667222416077368
Oracle선제,45,14,61,23845.0,96.49196792307025,100.0,2.555582753556426
Oracle선제,45,15,61,20153.0,95.64223616922827,100.0,2.3940243041690326
Oracle선제,45,16,61,15774.0,97.27580655901309,100.0,2.5018819876463816
Oracle선제,45,17,61,11298.0,95.58246707042059,100.0,2.6143848457543166
Oracle선제,45,18,61,7898.0,96.35157595785739,100.0,2.725792269169369
Oracle선제,45,19,61,4976.0,94.75331912343088,100.0,2.7950913590868414
Oracle선제,45,20,61,2500.0,89.73843089661463,100.0,3.58926898818966
Oracle선제,45,21,61,1571.0,94.69151810587499,100.0,4.852670263099241
Oracle선제,45,22,61,1165.0,94.68019512518508,100.0,5.872084602615444
Oracle선제,45,23,61,650.0,91.07578041555804,100.0,6.771665848674367
Oracle선제,60,0,61,375.0,94.6769953980507,96.53333333333333,9.015390115579493
Oracle선제,60,1,61,234.0,93.003436426642,99.14529914529915,8.860258488038527
Oracle선제,60,2,61,222.0,95.93667760843415,100.0,9.089742926881764
Oracle선제,60,3,61,173.0,92.38090679184911,100.0,9.104548652968804
Oracle선제,60,4,61,630.0,93.75958370815324,99.52380952380952,7.619965036581573
Oracle선제,60,5,61,777.0,97.9341427341898,100.0,8.308920500744957
Oracle선제,60,6,61,1327.0,99.61589752066016,100.0,7.542302957637677
Oracle선제,60,7,61,10393.0,99.77952177364322,100.0,5.086387841990621
Oracle선제,60,8,61,16750.0,99.70721523231903,99.99402985074627,3.4571508277367955
Oracle선제,60,9,61,19053.0,99.85966035816153,100.0,2.9647264540275238
Oracle선제,60,10,61,22439.0,99.87841443761826,100.0,2.5656703792454922
Oracle선제,60,11,61,19811.0,99.63199927456193,100.0,2.7443948941849157
Oracle선제,60,12,61,26564.0,99.86544188732299,100.0,2.3748950703675753
Oracle선제,60,13,61,24004.0,99.6787651464937,100.0,2.5605325727012938
Oracle선제,60,14,61,23845.0,99.93670212624906,100.0,2.933313441231426
Oracle선제,60,15,61,20153.0,99.93253954678153,100.0,2.8534508057302452
Oracle선제,60,16,61,15774.0,99.86772682006638,100.0,2.7919712682229543
Oracle선제,60,17,61,11298.0,99.72711953499308,100.0,3.0977782625529455
Oracle선제,60,18,61,7898.0,99.84804474910025,100.0,3.156341524366866
Oracle선제,60,19,61,4976.0,99.65485745280368,100.0,3.376287506826859
Oracle선제,60,20,61,2500.0,99.15301528683749,100.0,4.721514790205091
Oracle선제,60,21,61,1571.0,99.69807077358134,100.0,5.44844377856551
Oracle선제,60,22,61,1165.0,99.6955776484896,100.0,6.463060973435614
Oracle선제,60,23,61,650.0,98.59350072170284,100.0,7.747938539181363
고정배치,0,0,61,375.0,29.355555555555558,60.266666666666666,0.0
고정배치,0,1,61,234.0,22.22222222222222,55.12820512820513,0.0
고정배치,0,2,61,222.0,16.704204204204203,50.45045045045045,0.0
고정배치,0,3,61,173.0,13.4393063583815,53.179190751445084,0.0
고정배치,0,4,61,630.0,47.87037037037037,73.17460317460316,0.0
고정배치,0,5,61,777.0,45.023595023595014,61.003861003861005,0.0
고정배치,0,6,61,1327.0,51.77091183119818,63.75282592313489,0.0
고정배치,0,7,61,10393.0,60.75483498508611,62.484364476089674,0.0
고정배치,0,8,61,16750.0,59.4039800995025,62.34029850746269,0.0
고정배치,0,9,61,19053.0,60.268724085445854,63.33385818506272,0.0
고정배치,0,10,61,22439.0,62.76126387093899,65.88528900574892,0.0
고정배치,0,11,61,19811.0,62.27853212861542,63.62122053404674,0.0
고정배치,0,12,61,26564.0,62.70736083923105,64.46694774883301,0.0
고정배치,0,13,61,24004.0,61.15022496250625,64.78503582736211,0.0
고정배치,0,14,61,23845.0,59.71307751450339,64.83958901237156,0.0
고정배치,0,15,61,20153.0,59.98279825997784,66.18369473527514,0.0
고정배치,0,16,61,15774.0,60.310743417437976,66.34968936224166,0.0
고정배치,0,17,61,11298.0,61.01079837139317,65.64878739599929,0.0
고정배치,0,18,61,7898.0,58.07588419009032,61.14206128133704,0.0
고정배치,0,19,61,4976.0,51.89241693461949,54.62218649517685,0.0
고정배치,0,20,61,2500.0,48.94666666666667,56.00000000000001,0.0
고정배치,0,21,61,1571.0,47.58115849777212,56.97008274984087,0.0
고정배치,0,22,61,1165.0,45.414878397711014,58.11158798283261,0.0
고정배치,0,23,61,650.0,40.179487179487175,58.46153846153847,0.0
현재배치,0,0,61,375.0,21.81169022086271,87.73333333333333,0.0
현재배치,0,1,61,234.0,19.056370433248954,87.6068376068376,0.0
현재배치,0,2,61,222.0,17.478216400558452,94.14414414414415,0.0
현재배치,0,3,61,173.0,11.58705058320393,87.86127167630057,0.0
현재배치,0,4,61,630.0,30.930321812101873,80.47619047619048,0.0
현재배치,0,5,61,777.0,30.484790498717373,75.8043758043758,0.0
현재배치,0,6,61,1327.0,38.24067627047762,71.7407686510927,0.0
현재배치,0,7,61,10393.0,61.22926652737624,93.23583180987202,0.0
현재배치,0,8,61,16750.0,72.46208668010462,99.87462686567164,0.0
현재배치,0,9,61,19053.0,77.7605824848834,100.0,0.0
현재배치,0,10,61,22439.0,81.1965849951792,100.0,0.0
현재배치,0,11,61,19811.0,77.70234699175344,100.0,0.0
현재배치,0,12,61,26564.0,80.27762652409378,100.0,0.0
현재배치,0,13,61,24004.0,78.24373088800176,100.0,0.0
현재배치,0,14,61,23845.0,75.2536594997801,100.0,0.0
현재배치,0,15,61,20153.0,75.58498380103754,100.0,0.0
현재배치,0,16,61,15774.0,77.98225792724986,100.0,0.0
현재배치,0,17,61,11298.0,75.08872348705489,100.0,0.0
현재배치,0,18,61,7898.0,74.25276574881717,100.0,0.0
현재배치,0,19,61,4976.0,71.82516323164495,100.0,0.0
현재배치,0,20,61,2500.0,60.396927492124476,100.0,0.0
현재배치,0,21,61,1571.0,56.000521386117796,100.0,0.0
현재배치,0,22,61,1165.0,46.95544174855905,99.48497854077253,0.0
현재배치,0,23,61,650.0,36.58580864139136,98.92307692307692,0.0
