시간대,실제수요,예측수요,MAE,오차,오차율_%
0,9,7.309065084709232,0.4768217131917727,1.690934915290768,18.788165725452977
1,8,4.475108212988396,0.34057330605612973,3.5248917870116037,44.061147337645046
2,3,3.6999111508732474,0.22572939933692296,-0.6999111508732474,23.33037169577491
3,7,2.767470578872059,0.32341690225700226,4.232529421127941,60.464706016113446
4,7,9.905745171861678,0.4282788187044764,-2.9057451718616782,41.51064531230969
5,16,12.986781194096244,0.4304370925547562,3.0132188059037563,18.83261753689848
6,7,12.009509429873772,0.47395406985073046,-5.009509429873772,71.56442042676817
7,24,68.37813635480711,1.8014144366230858,-44.37813635480711,184.90890147836296
8,93,100.97785713826951,1.4955711142663912,-7.977857138269513,8.57834100889195
9,83,115.95112776552305,1.9032960001290227,-32.951127765523054,39.700153934365126
10,100,165.22287887362944,2.983146182776514,-65.22287887362944,65.22287887362944
11,108,155.9793258878673,2.4625619852096565,-47.979325887867304,44.425301748025284
12,187,211.22233779607097,2.4406334319623006,-24.222337796070974,12.953121816080735
13,180,172.76764077958958,2.7189733520974118,7.232359220410416,4.017977344672453
14,150,167.99510350804866,2.0212421781890084,-17.995103508048658,11.996735672032438
15,125,148.97708769225994,1.9229039158873178,-23.977087692259943,19.181670153807953
16,90,127.9311206374522,2.056024692461815,-37.931120637452196,42.1456895971691
17,80,101.65293703119745,1.6300066731959424,-21.652937031197453,27.066171288996816
18,69,78.82062506019574,1.1686349516016612,-9.820625060195738,14.232789942312662
19,62,61.46307887191629,0.9738376662275436,0.5369211280837121,0.8660018194898582
20,25,38.04288687508844,1.0293868831719408,-13.042886875088442,52.17154750035377
21,23,25.93799336153405,0.8806129208562774,-2.937993361534051,12.773884180582831
22,18,20.240268432326932,0.5911321070178558,-2.240268432326932,12.445935735149622
23,11,12.292990479292172,0.4798721385779615,-1.2929904792921718,11.754458902656108
