변수,중요도,중요도_%
출발구,4203,17.5125
최근4주동요일평균,2113,8.804166666666667
시간대,1880,7.833333333333334
rolling_mean_28일,1693,7.054166666666667
요일번호,1401,5.8375
시간_cos,1319,5.495833333333334
주차,1289,5.370833333333333
일,989,4.120833333333334
시간_sin,921,3.8375
rolling_std_28일,826,3.4416666666666664
휴일여부,746,3.1083333333333334
공휴일여부,593,2.470833333333333
lag_7일,514,2.1416666666666666
rolling_mean_7일,500,2.083333333333333
rolling_mean_3일,488,2.033333333333333
rolling_mean_14일,476,1.9833333333333334
lag_28일,454,1.8916666666666666
월,438,1.825
rolling_std_14일,429,1.7874999999999999
rolling_std_7일,388,1.6166666666666667
lag_2일,343,1.4291666666666667
lag_1일,342,1.425
lag_14일,296,1.2333333333333334
공휴일전날,295,1.2291666666666665
요일_sin,290,1.2083333333333333
rolling_std_3일,232,0.9666666666666667
요일_cos,204,0.8500000000000001
lag_3일,175,0.7291666666666666
공휴일다음날,84,0.35000000000000003
연휴여부,51,0.21250000000000002
주말여부,28,0.11666666666666668
