출발구,실제수요,예측수요,MAE,총수요오차율_%
강남구,8129,8913.17844903426,1.523047076654552,9.646677931286256
강동구,13749,14748.111742812549,1.9199471687041851,7.266795714688697
강북구,7299,7950.9914316070735,1.447452749841981,8.932613119702335
강서구,15973,16932.983615242258,2.130243670944089,6.010039536982769
관악구,8305,9163.363522809572,1.5613079918756436,10.335502983859985
광진구,6847,7629.609397850503,1.2864256870082162,11.429960535278273
구로구,8220,8925.75792734869,1.476179413005257,8.585862863122747
금천구,3723,4215.126002439356,0.9603376542952582,13.218533506294813
노원구,26034,27486.122816539148,2.923238547911348,5.5777937179809
도봉구,8082,8720.499019315766,1.3682034444106026,7.900260075671447
동대문구,9061,9870.556416363055,1.6206539265069664,8.934515134787056
동작구,7151,7912.933345349229,1.3656874791862417,10.65492022583176
마포구,13678,14883.729238210299,1.953550698473607,8.815098977996042
서대문구,13362,14281.700864404926,1.956929229584605,6.882958123072336
서초구,6067,6744.383176512586,1.3911499820470596,11.165043291784835
성동구,5551,6162.126094306296,1.3087792901159188,11.00929732131681
성북구,8122,8952.877998004362,1.512389485624464,10.229967963609479
송파구,9110,10042.415797145715,1.7168423426487334,10.235080100392045
양천구,8696,9337.697133993455,1.4465206631433445,7.379221872049854
영등포구,9575,10486.19115026204,1.78161116683022,9.516356660700161
용산구,4452,4879.479567924527,1.1649460080980116,9.601966934513188
은평구,11898,12597.815780138779,1.6883412674364524,5.881793411823658
종로구,6458,7120.6883756339585,1.3877998934921305,10.261510926509112
중구,3493,3917.4015248574474,1.0582608638965074,12.15005796900794
중랑구,9547,10385.848840660256,1.680607967100456,8.786517656439253
