시간대,실제수요,예측수요,MAE,총수요오차율_%
0,375,358.3247847814522,0.351520953770136,4.446724058279415
1,234,216.57271572179965,0.2457932284008395,7.447557383846302
2,222,212.11310877866356,0.22711022530121763,4.453554604205604
3,173,171.6358862086933,0.19402376737839497,0.7885050816801692
4,630,665.8555908156103,0.3418427086842129,5.691363621525444
5,777,837.2427554024475,0.3832380456362564,7.75325037354537
6,1327,1478.4658151966955,0.49661834405134636,11.414153368251359
7,10393,11904.431136615767,1.7218132039392686,14.54278010791655
8,16750,17949.829308193144,2.114598839255107,7.1631600489142935
9,19053,20639.615359601936,2.573265884116883,8.327378153581776
10,22439,24333.326429376877,2.913778516116533,8.442116089740528
11,19811,21794.05813815672,2.902425672735547,10.009884095485946
12,26564,28137.736432690148,3.0754945138295624,5.924320255572007
13,24004,25443.45395631431,3.1433771153027084,5.996725363749007
14,23845,25211.265216300028,3.0043783534948796,5.729776541413409
15,20153,21753.04344916376,2.8189678375001432,7.939480222119588
16,15774,17757.493615893025,2.7695602240121233,12.574449194199474
17,11298,12812.799023951107,2.2596384316903926,13.407674136582646
18,7898,8913.196255059003,1.9497195082462815,12.853839643694648
19,4976,5449.328251683045,1.4905353911329287,9.512223707456693
20,2500,2599.5571682498753,1.0302402347816653,3.9822867299950118
21,1571,1704.8922691095981,0.8000797218212727,8.522741509204211
22,1165,1239.7874296506989,0.7094555075234152,6.419521858429087
23,650,677.5651318517031,0.5277592933613012,4.240789515646629
