출발구,출발동,완료운행건수,구전체운행건수,구내비율_%
강남구,세곡동,8075,49027,16.47
강남구,수서동,7630,49027,15.56
강남구,일원2동,3964,49027,8.09
강남구,일원본동,3851,49027,7.85
강남구,역삼1동,3626,49027,7.4
강남구,도곡1동,3551,49027,7.24
강남구,일원1동,2764,49027,5.64
강남구,삼성1동,2077,49027,4.24
강남구,개포2동,1971,49027,4.02
강남구,압구정동,1404,49027,2.86
강남구,삼성2동,1395,49027,2.85
강남구,논현1동,1220,49027,2.49
강남구,대치2동,1115,49027,2.27
강남구,도곡2동,995,49027,2.03
강남구,역삼2동,921,49027,1.88
강남구,청담동,891,49027,1.82
강남구,신사동,845,49027,1.72
강남구,논현2동,794,49027,1.62
강남구,대치1동,729,49027,1.49
강남구,대치4동,550,49027,1.12
강남구,개포4동,384,49027,0.78
강남구,개포1동,275,49027,0.56
강동구,강일동,14461,79372,18.22
강동구,상일동,9508,79372,11.98
강동구,둔촌제2동,8459,79372,10.66
강동구,길동,7454,79372,9.39
강동구,천호제2동,7167,79372,9.03
강동구,천호제3동,5541,79372,6.98
강동구,고덕제1동,5402,79372,6.81
강동구,암사제1동,3752,79372,4.73
강동구,명일제1동,3343,79372,4.21
강동구,고덕제2동,2830,79372,3.57
강동구,천호제1동,2664,79372,3.36
강동구,명일제2동,1987,79372,2.5
강동구,성내제2동,1975,79372,2.49
강동구,암사제2동,1222,79372,1.54
강동구,성내제1동,1065,79372,1.34
강동구,암사제3동,907,79372,1.14
강동구,성내제3동,887,79372,1.12
강동구,둔촌제1동,748,79372,0.94
강북구,인수동,7900,43993,17.96
강북구,번제3동,6264,43993,14.24
강북구,번제2동,5823,43993,13.24
강북구,삼각산동,3513,43993,7.99
강북구,송중동,2942,43993,6.69
강북구,우이동,2709,43993,6.16
강북구,수유제3동,2640,43993,6.0
강북구,수유제1동,2538,43993,5.77
강북구,송천동,2332,43993,5.3
강북구,미아동,2193,43993,4.98
강북구,번제1동,2153,43993,4.89
강북구,삼양동,1663,43993,3.78
강북구,수유제2동,1323,43993,3.01
강서구,방화제1동,12691,92553,13.71
강서구,등촌제3동,11618,92553,12.55
강서구,가양제2동,9667,92553,10.44
강서구,발산제1동,8738,92553,9.44
강서구,가양제1동,7350,92553,7.94
강서구,방화제2동,6201,92553,6.7
강서구,공항동,6057,92553,6.54
강서구,방화제3동,5372,92553,5.8
강서구,우장산동,4867,92553,5.26
강서구,화곡제6동,3498,92553,3.78
강서구,가양제3동,3215,92553,3.47
강서구,화곡제1동,2757,92553,2.98
강서구,염창동,2041,92553,2.21
강서구,등촌제1동,2019,92553,2.18
강서구,화곡제8동,1273,92553,1.38
강서구,화곡제3동,1272,92553,1.37
강서구,화곡본동,1185,92553,1.28
강서구,등촌제2동,1091,92553,1.18
강서구,화곡제4동,1070,92553,1.16
강서구,화곡제2동,571,92553,0.62
관악구,보라매동,9493,49766,19.08
관악구,낙성대동,3542,49766,7.12
관악구,성현동,3468,49766,6.97
관악구,청룡동,3120,49766,6.27
관악구,은천동,2938,49766,5.9
관악구,난향동,2847,49766,5.72
관악구,서원동,2816,49766,5.66
관악구,삼성동,2727,49766,5.48
관악구,미성동,2624,49766,5.27
관악구,난곡동,2211,49766,4.44
관악구,행운동,1990,49766,4.0
관악구,청림동,1799,49766,3.61
관악구,서림동,1534,49766,3.08
관악구,신사동,1377,49766,2.77
관악구,신림동,1337,49766,2.69
관악구,조원동,1252,49766,2.52
관악구,중앙동,1171,49766,2.35
관악구,남현동,1108,49766,2.23
관악구,인헌동,895,49766,1.8
관악구,대학동,887,49766,1.78
관악구,신원동,630,49766,1.27
광진구,구의제2동,10467,39848,26.27
광진구,화양동,4182,39848,10.49
광진구,구의제3동,2846,39848,7.14
광진구,중곡제3동,2693,39848,6.76
광진구,중곡제4동,2349,39848,5.89
광진구,자양제2동,2167,39848,5.44
광진구,자양제1동,2131,39848,5.35
광진구,자양제4동,2106,39848,5.29
광진구,광장동,1869,39848,4.69
광진구,자양제3동,1783,39848,4.47
광진구,구의제1동,1749,39848,4.39
광진구,군자동,1598,39848,4.01
광진구,중곡제2동,1457,39848,3.66
광진구,능동,1273,39848,3.19
광진구,중곡제1동,1178,39848,2.96
구로구,오류제2동,8061,48430,16.64
구로구,구로제2동,6986,48430,14.42
구로구,구로제5동,4373,48430,9.03
구로구,수궁동,4096,48430,8.46
구로구,구로제3동,3886,48430,8.02
구로구,개봉제1동,3730,48430,7.7
구로구,오류제1동,3586,48430,7.4
구로구,신도림동,3016,48430,6.23
구로구,고척제1동,2663,48430,5.5
구로구,개봉제3동,1766,48430,3.65
구로구,구로제4동,1737,48430,3.59
구로구,고척제2동,1586,48430,3.27
구로구,구로제1동,1115,48430,2.3
구로구,개봉제2동,1071,48430,2.21
구로구,가리봉동,758,48430,1.57
금천구,독산제1동,6071,22537,26.94
금천구,시흥제1동,4861,22537,21.57
금천구,독산제3동,2618,22537,11.62
금천구,가산동,2538,22537,11.26
금천구,시흥제2동,1906,22537,8.46
금천구,시흥제4동,1589,22537,7.05
금천구,시흥제5동,1213,22537,5.38
금천구,독산제2동,824,22537,3.66
금천구,독산제4동,585,22537,2.6
금천구,시흥제3동,332,22537,1.47
노원구,하계1동,33154,151932,21.82
노원구,상계6.7동,31381,151932,20.65
노원구,중계2.3동,11592,151932,7.63
노원구,상계1동,9419,151932,6.2
노원구,월계3동,9138,151932,6.01
노원구,월계2동,8139,151932,5.36
노원구,공릉1.3동,7641,151932,5.03
노원구,상계2동,6213,151932,4.09
노원구,중계1동,5416,151932,3.56
노원구,중계4동,5288,151932,3.48
노원구,공릉2동,5007,151932,3.3
노원구,상계5동,4580,151932,3.01
노원구,상계3.4동,3507,151932,2.31
노원구,하계2동,2972,151932,1.96
노원구,월계1동,2070,151932,1.36
노원구,상계9동,2023,151932,1.33
노원구,중계본동,1771,151932,1.17
노원구,상계8동,1581,151932,1.04
노원구,상계10동,1040,151932,0.68
도봉구,도봉제2동,10882,47604,22.86
도봉구,창제4동,4269,47604,8.97
도봉구,도봉제1동,4228,47604,8.88
도봉구,방학제1동,4107,47604,8.63
도봉구,창제1동,3935,47604,8.27
도봉구,쌍문제3동,3769,47604,7.92
도봉구,방학제3동,3231,47604,6.79
도봉구,쌍문제2동,2677,47604,5.62
도봉구,창제5동,2266,47604,4.76
도봉구,쌍문제1동,1908,47604,4.01
도봉구,창제2동,1741,47604,3.66
도봉구,쌍문제4동,1702,47604,3.58
도봉구,창제3동,1460,47604,3.07
도봉구,방학제2동,1429,47604,3.0
동대문구,휘경제2동,6343,54056,11.73
동대문구,신설동,5683,54056,10.51
동대문구,회기동,4619,54056,8.54
동대문구,청량리동,4089,54056,7.56
동대문구,용두동,3797,54056,7.02
동대문구,장안제1동,3160,54056,5.85
동대문구,전농제2동,2575,54056,4.76
동대문구,전농제3동,2529,54056,4.68
동대문구,장안제2동,2196,54056,4.06
동대문구,제기제2동,2153,54056,3.98
동대문구,제기제1동,2078,54056,3.84
동대문구,답십리제3동,1964,54056,3.63
동대문구,휘경제1동,1893,54056,3.5
동대문구,답십리제4동,1806,54056,3.34
동대문구,장안제3동,1674,54056,3.1
동대문구,답십리제2동,1362,54056,2.52
동대문구,이문제3동,1353,54056,2.5
동대문구,전농제1동,1054,54056,1.95
동대문구,이문제1동,1022,54056,1.89
동대문구,답십리제1동,1016,54056,1.88
동대문구,장안제4동,961,54056,1.78
동대문구,이문제2동,729,54056,1.35
동작구,신대방제2동,13810,41043,33.65
동작구,흑석동,4915,41043,11.98
동작구,상도제1동,4174,41043,10.17
동작구,대방동,4170,41043,10.16
동작구,신대방제1동,1988,41043,4.84
동작구,노량진제1동,1963,41043,4.78
동작구,상도제4동,1742,41043,4.24
동작구,사당제3동,1477,41043,3.6
동작구,상도제2동,1477,41043,3.6
동작구,상도제3동,1397,41043,3.4
동작구,사당제2동,1083,41043,2.64
동작구,사당제5동,900,41043,2.19
동작구,사당제1동,899,41043,2.19
동작구,노량진제2동,680,41043,1.66
동작구,사당제4동,368,41043,0.9
마포구,성산제2동,25547,77845,32.82
마포구,상암동,14274,77845,18.34
마포구,대흥동,7290,77845,9.36
마포구,성산제1동,4936,77845,6.34
마포구,서교동,3657,77845,4.7
마포구,망원제1동,3284,77845,4.22
마포구,아현동,3198,77845,4.11
마포구,망원제2동,2377,77845,3.05
마포구,서강동,2344,77845,3.01
마포구,염리동,2284,77845,2.93
마포구,공덕동,2280,77845,2.93
마포구,도화동,1708,77845,2.19
마포구,신수동,1550,77845,1.99
마포구,용강동,1268,77845,1.63
마포구,연남동,1159,77845,1.49
마포구,합정동,689,77845,0.89
서대문구,신촌동,26148,77709,33.65
서대문구,연희동,14774,77709,19.01
서대문구,홍은제2동,7268,77709,9.35
서대문구,홍제제3동,3943,77709,5.07
서대문구,북가좌제2동,3870,77709,4.98
서대문구,남가좌제2동,3461,77709,4.45
서대문구,북아현동,3091,77709,3.98
서대문구,남가좌제1동,2701,77709,3.48
서대문구,홍은제1동,2630,77709,3.38
서대문구,홍제제2동,2391,77709,3.08
서대문구,홍제제1동,2180,77709,2.81
서대문구,천연동,2137,77709,2.75
서대문구,충현동,1905,77709,2.45
서대문구,북가좌제1동,1210,77709,1.56
서초구,내곡동,6234,36422,17.12
서초구,양재1동,5216,36422,14.32
서초구,서초1동,4689,36422,12.87
서초구,반포4동,3115,36422,8.55
서초구,서초3동,2261,36422,6.21
서초구,양재2동,2030,36422,5.57
서초구,반포3동,1745,36422,4.79
서초구,방배1동,1696,36422,4.66
서초구,서초2동,1477,36422,4.06
서초구,서초4동,1381,36422,3.79
서초구,방배4동,1291,36422,3.54
서초구,방배3동,1229,36422,3.37
서초구,방배2동,1078,36422,2.96
서초구,잠원동,979,36422,2.69
서초구,반포1동,800,36422,2.2
서초구,방배본동,628,36422,1.72
서초구,반포2동,549,36422,1.51
서초구,반포본동,24,36422,0.07
성동구,마장동,6220,31708,19.62
성동구,왕십리도선동,4993,31708,15.75
성동구,사근동,3910,31708,12.33
성동구,행당제1동,2791,31708,8.8
성동구,성수1가제1동,2259,31708,7.12
성동구,금호1가동,1935,31708,6.1
성동구,행당제2동,1691,31708,5.33
성동구,금호2.3가동,1619,31708,5.11
성동구,성수2가제3동,1160,31708,3.66
성동구,성수2가제1동,864,31708,2.72
성동구,금호4가동,752,31708,2.37
성동구,왕십리제2동,740,31708,2.33
성동구,성수1가제2동,730,31708,2.3
성동구,송정동,668,31708,2.11
성동구,옥수동,577,31708,1.82
성동구,응봉동,465,31708,1.47
성동구,용답동,334,31708,1.05
성북구,길음제1동,6342,47730,13.29
성북구,종암동,3918,47730,8.21
성북구,안암동,3534,47730,7.4
성북구,월곡제2동,3222,47730,6.75
성북구,길음제2동,2976,47730,6.24
성북구,삼선동,2929,47730,6.14
성북구,석관동,2895,47730,6.07
성북구,월곡제1동,2868,47730,6.01
성북구,보문동,2728,47730,5.72
성북구,동선동,2314,47730,4.85
성북구,장위제1동,2027,47730,4.25
성북구,성북동,1907,47730,4.0
성북구,돈암제1동,1762,47730,3.69
성북구,정릉제1동,1600,47730,3.35
성북구,정릉제4동,1504,47730,3.15
성북구,장위제2동,1256,47730,2.63
성북구,정릉제3동,1239,47730,2.6
성북구,장위제3동,1152,47730,2.41
성북구,정릉제2동,992,47730,2.08
성북구,돈암제2동,565,47730,1.18
송파구,장지동,7167,54307,13.2
송파구,풍납2동,5982,54307,11.02
송파구,오금동,5002,54307,9.21
송파구,문정2동,3893,54307,7.17
송파구,가락본동,3115,54307,5.74
송파구,석촌동,3103,54307,5.71
송파구,잠실6동,2498,54307,4.6
송파구,거여2동,2380,54307,4.38
송파구,거여1동,2283,54307,4.2
송파구,마천2동,1835,54307,3.38
송파구,가락2동,1819,54307,3.35
송파구,잠실2동,1785,54307,3.29
송파구,방이2동,1429,54307,2.63
송파구,잠실본동,1200,54307,2.21
송파구,마천1동,1107,54307,2.04
송파구,잠실3동,1069,54307,1.97
송파구,풍납1동,1049,54307,1.93
송파구,송파1동,1024,54307,1.89
송파구,오륜동,1020,54307,1.88
송파구,문정1동,1000,54307,1.84
송파구,가락1동,874,54307,1.61
송파구,방이1동,811,54307,1.49
송파구,송파2동,795,54307,1.46
송파구,잠실7동,751,54307,1.38
송파구,삼전동,723,54307,1.33
송파구,잠실4동,593,54307,1.09
양천구,신정3동,12001,51057,23.51
양천구,신정6동,5860,51057,11.48
양천구,신정7동,4117,51057,8.06
양천구,목1동,3724,51057,7.29
양천구,목5동,3253,51057,6.37
양천구,신정4동,2578,51057,5.05
양천구,신월7동,2353,51057,4.61
양천구,목4동,2290,51057,4.49
양천구,목3동,2239,51057,4.39
양천구,신월1동,1938,51057,3.8
양천구,신정2동,1658,51057,3.25
양천구,신월2동,1545,51057,3.03
양천구,신정1동,1493,51057,2.92
양천구,목2동,1482,51057,2.9
양천구,신월5동,1346,51057,2.64
양천구,신월3동,1146,51057,2.24
양천구,신월4동,1132,51057,2.22
양천구,신월6동,902,51057,1.77
영등포구,여의동,12023,57016,21.09
영등포구,영등포동,11105,57016,19.48
영등포구,대림제3동,6614,57016,11.6
영등포구,문래동,3070,57016,5.38
영등포구,당산제1동,2693,57016,4.72
영등포구,신길제1동,2563,57016,4.5
영등포구,신길제6동,2376,57016,4.17
영등포구,신길제3동,2266,57016,3.97
영등포구,대림제1동,2225,57016,3.9
영등포구,양평제1동,2222,57016,3.9
영등포구,양평제2동,1916,57016,3.36
영등포구,영등포본동,1562,57016,2.74
영등포구,도림동,1376,57016,2.41
영등포구,대림제2동,1274,57016,2.23
영등포구,당산제2동,1125,57016,1.97
영등포구,신길제5동,955,57016,1.67
영등포구,신길제7동,891,57016,1.56
영등포구,신길제4동,760,57016,1.33
용산구,한강로동,3697,25414,14.55
용산구,남영동,3589,25414,14.12
용산구,한남동,2653,25414,10.44
용산구,청파동,2145,25414,8.44
용산구,이촌제1동,2110,25414,8.3
용산구,효창동,1689,25414,6.65
용산구,서빙고동,1597,25414,6.28
용산구,후암동,1586,25414,6.24
용산구,원효로제2동,1470,25414,5.78
용산구,원효로제1동,1322,25414,5.2
용산구,용문동,1089,25414,4.29
용산구,이태원제1동,844,25414,3.32
용산구,이촌제2동,567,25414,2.23
용산구,보광동,412,25414,1.62
용산구,용산2가동,370,25414,1.46
용산구,이태원제2동,274,25414,1.08
은평구,역촌동,12020,72194,16.65
은평구,구산동,10650,72194,14.75
은평구,진관동,10257,72194,14.21
은평구,녹번동,4794,72194,6.64
은평구,증산동,4617,72194,6.4
은평구,응암제1동,4548,72194,6.3
은평구,신사제1동,4276,72194,5.92
은평구,응암제2동,3300,72194,4.57
은평구,수색동,3099,72194,4.29
은평구,불광제1동,2785,72194,3.86
은평구,대조동,2611,72194,3.62
은평구,갈현제2동,2597,72194,3.6
은평구,응암제3동,2258,72194,3.13
은평구,불광제2동,1837,72194,2.54
은평구,신사제2동,1626,72194,2.25
은평구,갈현제1동,919,72194,1.27
종로구,이화동,13516,39267,34.42
종로구,종로1.2.3.4가동,6566,39267,16.72
종로구,교남동,3074,39267,7.83
종로구,청운효자동,2725,39267,6.94
종로구,사직동,2449,39267,6.24
종로구,혜화동,1812,39267,4.61
종로구,평창동,1737,39267,4.42
종로구,무악동,1545,39267,3.93
종로구,부암동,1006,39267,2.56
종로구,종로5.6가동,996,39267,2.54
종로구,숭인제2동,855,39267,2.18
종로구,창신제1동,807,39267,2.06
종로구,삼청동,663,39267,1.69
종로구,숭인제1동,417,39267,1.06
종로구,창신제2동,366,39267,0.93
종로구,가회동,345,39267,0.88
종로구,명륜3가동,303,39267,0.77
종로구,창신제3동,85,39267,0.22
중구,회현동,3616,21090,17.15
중구,명동,2328,21090,11.04
중구,광희동,2152,21090,10.2
중구,신당제6동,1706,21090,8.09
중구,신당제4동,1592,21090,7.55
중구,신당제3동,1450,21090,6.88
중구,중림동,1403,21090,6.65
중구,황학동,1390,21090,6.59
중구,소공동,1249,21090,5.92
중구,신당제5동,1162,21090,5.51
중구,필동,751,21090,3.56
중구,장충동,720,21090,3.41
중구,신당제2동,622,21090,2.95
중구,신당제1동,497,21090,2.36
중구,을지로동,452,21090,2.14
중랑구,신내1동,12990,56513,22.99
중랑구,망우본동,5803,56513,10.27
중랑구,신내2동,5305,56513,9.39
중랑구,상봉제1동,4606,56513,8.15
중랑구,묵제1동,4191,56513,7.42
중랑구,상봉제2동,3403,56513,6.02
중랑구,면목제3.8동,3094,56513,5.47
중랑구,면목제4동,2956,56513,5.23
중랑구,면목본동,2698,56513,4.77
중랑구,중화제1동,2405,56513,4.26
중랑구,중화제2동,2256,56513,3.99
중랑구,묵제2동,1911,56513,3.38
중랑구,면목제2동,1757,56513,3.11
중랑구,면목제7동,1673,56513,2.96
중랑구,면목제5동,820,56513,1.45
중랑구,망우제3동,645,56513,1.14
