출발구,요일,승차시간대,평균완료운행건수,중앙값완료운행건수,최대완료운행건수
노원구,월,14,63.85,66.5,86
마포구,월,14,44.21,49.5,62
서대문구,화,12,38.69,40.0,57
강동구,수,10,35.13,36.0,46
강서구,목,12,33.94,35.0,50
은평구,수,12,27.21,28.0,41
양천구,화,12,26.21,28.0,35
영등포구,토,12,25.54,25.0,38
중랑구,월,12,25.19,26.0,38
송파구,금,12,24.71,25.0,34
관악구,수,12,23.42,25.0,33
동대문구,수,12,23.06,23.0,34
구로구,월,12,22.44,24.0,33
동작구,수,14,19.85,20.0,33
강남구,화,12,19.81,20.0,30
종로구,화,14,18.4,19.0,29
도봉구,화,10,18.31,18.0,27
성북구,목,8,18.15,19.0,28
광진구,월,14,17.83,19.0,25
강북구,월,12,17.46,17.0,27
서초구,수,12,17.11,17.0,26
성동구,금,12,13.56,13.0,23
중구,금,12,10.75,11.0,18
용산구,월,12,10.44,10.0,17
금천구,월,12,9.5,10.0,15
