출발구,실제수요,예측수요,예측오차,예측오차율_%,45분_재배치유입UD,45분_재배치유출UD,45분_순재배치UD
강남구,8129,8913.17844903426,784.1784490342598,9.646677931286256,191.32530347123824,173.01859373510038,18.30670973613786
강동구,13749,14748.111742812549,999.111742812549,7.266795714688697,209.70012104176482,223.74088878260565,-14.040767740840835
강북구,7299,7950.9914316070735,651.9914316070735,8.932613119702335,214.7856969588832,38.3954457150908,176.3902512437924
강서구,15973,16932.983615242258,959.9836152422577,6.010039536982769,315.2890611233813,84.39878236841555,230.89027875496578
관악구,8305,9163.363522809572,858.3635228095718,10.335502983859985,187.64653271413667,252.92930467218022,-65.28277195804355
광진구,6847,7629.609397850503,782.6093978505032,11.429960535278273,139.11460374924619,102.0857137256677,37.028890023578484
구로구,8220,8925.75792734869,705.7579273486899,8.585862863122747,110.75196388925019,107.53718312597454,3.2147807632756553
금천구,3723,4215.126002439356,492.12600243935594,13.218533506294813,84.32799210576569,63.02252027784022,21.305471827925466
노원구,26034,27486.122816539148,1452.1228165391476,5.5777937179809,502.42331813057854,226.28232589423962,276.1409922363389
도봉구,8082,8720.499019315766,638.4990193157664,7.900260075671447,91.15107326195157,103.62727062235594,-12.47619736040437
동대문구,9061,9870.556416363055,809.5564163630552,8.934515134787056,215.5908424781976,124.20819671327736,91.38264576492024
동작구,7151,7912.933345349229,761.9333453492291,10.65492022583176,118.34636626664879,202.76836152411536,-84.42199525746658
마포구,13678,14883.729238210299,1205.7292382102987,8.815098977996042,174.82339688688012,146.52344562394595,28.299951262934172
서대문구,13362,14281.700864404926,919.7008644049256,6.882958123072336,143.8656706299267,293.56811330403394,-149.70244267410723
서초구,6067,6744.383176512586,677.383176512586,11.165043291784835,114.22538573940376,195.30725253907497,-81.0818667996712
성동구,5551,6162.126094306296,611.1260943062962,11.00929732131681,112.66668778698929,47.698911478103916,64.96777630888536
성북구,8122,8952.877998004362,830.8779980043619,10.229967963609479,151.6693859035014,131.31622363251506,20.35316227098633
송파구,9110,10042.415797145713,932.4157971457134,10.235080100392025,103.73449117054172,144.55231201872098,-40.81782084817927
양천구,8696,9337.697133993455,641.6971339934553,7.379221872049854,106.17610341420702,242.4025774656963,-136.22647405148928
영등포구,9575,10486.19115026204,911.1911502620405,9.516356660700161,116.93601027865397,364.3872717294946,-247.45126145084066
용산구,4452,4879.479567924527,427.47956792452715,9.601966934513188,168.81297597798095,79.91020145714238,88.90277452083858
은평구,11898,12597.815780138779,699.8157801387788,5.881793411823658,69.40554969335676,441.7006598092167,-372.2951101158599
종로구,6458,7120.6883756339585,662.6883756339585,10.261510926509112,196.79958709213275,131.2248490842136,65.57473800791917
중구,3493,3917.4015248574474,424.4015248574474,12.15005796900794,157.34646733850258,107.90883780785875,49.43762953064383
중랑구,9547,10385.848840660256,838.8488406602555,8.786517656439253,194.4941447641721,162.8934887604114,31.60065600376069
