출발구,목적구,완료운행건수,출발구내비율_%
강남구,강남구,17967,36.65
강남구,강동구,2584,5.27
강남구,강북구,346,0.71
강남구,강서구,834,1.7
강남구,관악구,654,1.33
강남구,광진구,1509,3.08
강남구,구로구,454,0.93
강남구,금천구,297,0.61
강남구,노원구,1345,2.74
강남구,도봉구,420,0.86
강남구,동대문구,1084,2.21
강남구,동작구,944,1.93
강남구,마포구,606,1.24
강남구,서대문구,1013,2.07
강남구,서초구,5041,10.28
강남구,성동구,1290,2.63
강남구,성북구,753,1.54
강남구,송파구,6817,13.9
강남구,양천구,218,0.44
강남구,영등포구,659,1.34
강남구,용산구,741,1.51
강남구,은평구,478,0.97
강남구,종로구,928,1.89
강남구,중구,946,1.93
강남구,중랑구,1099,2.24
강동구,강남구,2570,3.24
강동구,강동구,47028,59.25
강동구,강북구,577,0.73
강동구,강서구,712,0.9
강동구,관악구,547,0.69
강동구,광진구,5519,6.95
강동구,구로구,243,0.31
강동구,금천구,108,0.14
강동구,노원구,1564,1.97
강동구,도봉구,859,1.08
강동구,동대문구,1507,1.9
강동구,동작구,231,0.29
강동구,마포구,548,0.69
강동구,서대문구,371,0.47
강동구,서초구,1118,1.41
강동구,성동구,1414,1.78
강동구,성북구,593,0.75
강동구,송파구,8917,11.23
강동구,양천구,295,0.37
강동구,영등포구,391,0.49
강동구,용산구,610,0.77
강동구,은평구,247,0.31
강동구,종로구,758,0.95
강동구,중구,548,0.69
강동구,중랑구,2097,2.64
강북구,강남구,432,0.98
강북구,강동구,515,1.17
강북구,강북구,12956,29.45
강북구,강서구,575,1.31
강북구,관악구,111,0.25
강북구,광진구,423,0.96
강북구,구로구,151,0.34
강북구,금천구,68,0.15
강북구,노원구,7739,17.59
강북구,도봉구,5522,12.55
강북구,동대문구,1966,4.47
강북구,동작구,130,0.3
강북구,마포구,390,0.89
강북구,서대문구,796,1.81
강북구,서초구,459,1.04
강북구,성동구,1193,2.71
강북구,성북구,5132,11.67
강북구,송파구,667,1.52
강북구,양천구,80,0.18
강북구,영등포구,668,1.52
강북구,용산구,376,0.85
강북구,은평구,447,1.02
강북구,종로구,1430,3.25
강북구,중구,593,1.35
강북구,중랑구,1174,2.67
강서구,강남구,889,0.96
강서구,강동구,715,0.77
강서구,강북구,613,0.66
강서구,강서구,48701,52.62
강서구,관악구,747,0.81
강서구,광진구,446,0.48
강서구,구로구,3309,3.58
강서구,금천구,691,0.75
강서구,노원구,595,0.64
강서구,도봉구,322,0.35
강서구,동대문구,692,0.75
강서구,동작구,1135,1.23
강서구,마포구,4837,5.23
강서구,서대문구,4074,4.4
강서구,서초구,1009,1.09
강서구,성동구,558,0.6
강서구,성북구,452,0.49
강서구,송파구,737,0.8
강서구,양천구,8782,9.49
강서구,영등포구,5972,6.45
강서구,용산구,1117,1.21
강서구,은평구,3436,3.71
강서구,종로구,1754,1.9
강서구,중구,682,0.74
강서구,중랑구,288,0.31
관악구,강남구,927,1.86
관악구,강동구,557,1.12
관악구,강북구,96,0.19
관악구,강서구,813,1.63
관악구,관악구,21273,42.75
관악구,광진구,225,0.45
관악구,구로구,2546,5.12
관악구,금천구,2202,4.42
관악구,노원구,298,0.6
관악구,도봉구,146,0.29
관악구,동대문구,237,0.48
관악구,동작구,9014,18.11
관악구,마포구,1067,2.14
관악구,서대문구,1655,3.33
관악구,서초구,2068,4.16
관악구,성동구,187,0.38
관악구,성북구,151,0.3
관악구,송파구,318,0.64
관악구,양천구,577,1.16
관악구,영등포구,2965,5.96
관악구,용산구,732,1.47
관악구,은평구,263,0.53
관악구,종로구,574,1.15
관악구,중구,494,0.99
관악구,중랑구,381,0.77
광진구,강남구,1497,3.76
광진구,강동구,4855,12.18
광진구,강북구,481,1.21
광진구,강서구,416,1.04
광진구,관악구,197,0.49
광진구,광진구,15029,37.72
광진구,구로구,144,0.36
광진구,금천구,51,0.13
광진구,노원구,2692,6.76
광진구,도봉구,295,0.74
광진구,동대문구,2457,6.17
광진구,동작구,219,0.55
광진구,마포구,345,0.87
광진구,서대문구,137,0.34
광진구,서초구,201,0.5
광진구,성동구,2042,5.12
광진구,성북구,624,1.57
광진구,송파구,3035,7.62
광진구,양천구,163,0.41
광진구,영등포구,367,0.92
광진구,용산구,264,0.66
광진구,은평구,201,0.5
광진구,종로구,690,1.73
광진구,중구,432,1.08
광진구,중랑구,3014,7.56
구로구,강남구,493,1.02
구로구,강동구,248,0.51
구로구,강북구,184,0.38
구로구,강서구,3687,7.61
구로구,관악구,2587,5.34
구로구,광진구,154,0.32
구로구,구로구,16862,34.82
구로구,금천구,1995,4.12
구로구,노원구,199,0.41
구로구,도봉구,53,0.11
구로구,동대문구,172,0.36
구로구,동작구,2045,4.22
구로구,마포구,1436,2.97
구로구,서대문구,888,1.83
구로구,서초구,410,0.85
구로구,성동구,448,0.93
구로구,성북구,155,0.32
구로구,송파구,289,0.6
구로구,양천구,5758,11.89
구로구,영등포구,7045,14.55
구로구,용산구,1296,2.68
구로구,은평구,651,1.34
구로구,종로구,1001,2.07
구로구,중구,255,0.53
구로구,중랑구,119,0.25
금천구,강남구,431,1.91
금천구,강동구,268,1.19
금천구,강북구,67,0.3
금천구,강서구,660,2.93
금천구,관악구,1822,8.08
금천구,광진구,56,0.25
금천구,구로구,2432,10.79
금천구,금천구,7524,33.39
금천구,노원구,142,0.63
금천구,도봉구,40,0.18
금천구,동대문구,93,0.41
금천구,동작구,1242,5.51
금천구,마포구,253,1.12
금천구,서대문구,729,3.23
금천구,서초구,338,1.5
금천구,성동구,197,0.87
금천구,성북구,48,0.21
금천구,송파구,140,0.62
금천구,양천구,747,3.31
금천구,영등포구,3940,17.48
금천구,용산구,488,2.17
금천구,은평구,259,1.15
금천구,종로구,214,0.95
금천구,중구,358,1.59
금천구,중랑구,49,0.22
노원구,강남구,1288,0.85
노원구,강동구,1605,1.06
노원구,강북구,8113,5.34
노원구,강서구,511,0.34
노원구,관악구,206,0.14
노원구,광진구,2943,1.94
노원구,구로구,211,0.14
노원구,금천구,125,0.08
노원구,노원구,84181,55.41
노원구,도봉구,14009,9.22
노원구,동대문구,6230,4.1
노원구,동작구,241,0.16
노원구,마포구,576,0.38
노원구,서대문구,1427,0.94
노원구,서초구,639,0.42
노원구,성동구,3075,2.02
노원구,성북구,8238,5.42
노원구,송파구,1673,1.1
노원구,양천구,261,0.17
노원구,영등포구,1061,0.7
노원구,용산구,550,0.36
노원구,은평구,465,0.31
노원구,종로구,3379,2.22
노원구,중구,1392,0.92
노원구,중랑구,9533,6.27
도봉구,강남구,407,0.85
도봉구,강동구,807,1.7
도봉구,강북구,5480,11.51
도봉구,강서구,289,0.61
도봉구,관악구,163,0.34
도봉구,광진구,562,1.18
도봉구,구로구,98,0.21
도봉구,금천구,28,0.06
도봉구,노원구,13132,27.59
도봉구,도봉구,15280,32.1
도봉구,동대문구,1586,3.33
도봉구,동작구,116,0.24
도봉구,마포구,133,0.28
도봉구,서대문구,765,1.61
도봉구,서초구,198,0.42
도봉구,성동구,674,1.42
도봉구,성북구,2423,5.09
도봉구,송파구,433,0.91
도봉구,양천구,115,0.24
도봉구,영등포구,534,1.12
도봉구,용산구,271,0.57
도봉구,은평구,1180,2.48
도봉구,종로구,1192,2.5
도봉구,중구,245,0.51
도봉구,중랑구,1493,3.14
동대문구,강남구,1050,1.94
동대문구,강동구,1489,2.75
동대문구,강북구,1929,3.57
동대문구,강서구,739,1.37
동대문구,관악구,285,0.53
동대문구,광진구,2004,3.71
동대문구,구로구,157,0.29
동대문구,금천구,67,0.12
동대문구,노원구,6250,11.56
동대문구,도봉구,1289,2.38
동대문구,동대문구,19109,35.35
동대문구,동작구,242,0.45
동대문구,마포구,760,1.41
동대문구,서대문구,478,0.88
동대문구,서초구,437,0.81
동대문구,성동구,2973,5.5
동대문구,성북구,2877,5.32
동대문구,송파구,916,1.69
동대문구,양천구,330,0.61
동대문구,영등포구,599,1.11
동대문구,용산구,456,0.84
동대문구,은평구,940,1.74
동대문구,종로구,2470,4.57
동대문구,중구,1193,2.21
동대문구,중랑구,5017,9.28
동작구,강남구,959,2.34
동작구,강동구,288,0.7
동작구,강북구,143,0.35
동작구,강서구,1016,2.48
동작구,관악구,8578,20.9
동작구,광진구,312,0.76
동작구,구로구,2332,5.68
동작구,금천구,1019,2.48
동작구,노원구,169,0.41
동작구,도봉구,113,0.28
동작구,동대문구,261,0.64
동작구,동작구,12863,31.34
동작구,마포구,1526,3.72
동작구,서대문구,1156,2.82
동작구,서초구,1905,4.64
동작구,성동구,227,0.55
동작구,성북구,186,0.45
동작구,송파구,312,0.76
동작구,양천구,831,2.02
동작구,영등포구,3788,9.23
동작구,용산구,1258,3.07
동작구,은평구,419,1.02
동작구,종로구,795,1.94
동작구,중구,423,1.03
동작구,중랑구,164,0.4
마포구,강남구,625,0.8
마포구,강동구,334,0.43
마포구,강북구,399,0.51
마포구,강서구,6482,8.33
마포구,관악구,1456,1.87
마포구,광진구,486,0.62
마포구,구로구,1425,1.83
마포구,금천구,135,0.17
마포구,노원구,577,0.74
마포구,도봉구,239,0.31
마포구,동대문구,556,0.71
마포구,동작구,1888,2.43
마포구,마포구,22034,28.3
마포구,서대문구,15415,19.8
마포구,서초구,449,0.58
마포구,성동구,460,0.59
마포구,성북구,712,0.91
마포구,송파구,349,0.45
마포구,양천구,2269,2.91
마포구,영등포구,3274,4.21
마포구,용산구,2292,2.94
마포구,은평구,12253,15.74
마포구,종로구,2452,3.15
마포구,중구,1006,1.29
마포구,중랑구,278,0.36
서대문구,강남구,895,1.15
서대문구,강동구,323,0.42
서대문구,강북구,845,1.09
서대문구,강서구,4267,5.49
서대문구,관악구,1309,1.68
서대문구,광진구,122,0.16
서대문구,구로구,758,0.98
서대문구,금천구,715,0.92
서대문구,노원구,1234,1.59
서대문구,도봉구,712,0.92
서대문구,동대문구,511,0.66
서대문구,동작구,1063,1.37
서대문구,마포구,15773,20.3
서대문구,서대문구,23052,29.66
서대문구,서초구,799,1.03
서대문구,성동구,505,0.65
서대문구,성북구,1030,1.33
서대문구,송파구,579,0.75
서대문구,양천구,1775,2.28
서대문구,영등포구,2503,3.22
서대문구,용산구,1747,2.25
서대문구,은평구,11378,14.64
서대문구,종로구,3543,4.56
서대문구,중구,1911,2.46
서대문구,중랑구,360,0.46
서초구,강남구,5265,14.46
서초구,강동구,1172,3.22
서초구,강북구,377,1.04
서초구,강서구,973,2.67
서초구,관악구,1899,5.21
서초구,광진구,256,0.7
서초구,구로구,326,0.9
서초구,금천구,298,0.82
서초구,노원구,614,1.69
서초구,도봉구,186,0.51
서초구,동대문구,426,1.17
서초구,동작구,1937,5.32
서초구,마포구,662,1.82
서초구,서대문구,927,2.55
서초구,서초구,13662,37.51
서초구,성동구,698,1.92
서초구,성북구,377,1.04
서초구,송파구,2134,5.86
서초구,양천구,314,0.86
서초구,영등포구,807,2.22
서초구,용산구,980,2.69
서초구,은평구,321,0.88
서초구,종로구,924,2.54
서초구,중구,513,1.41
서초구,중랑구,374,1.03
성동구,강남구,1183,3.73
성동구,강동구,1329,4.19
성동구,강북구,1223,3.86
성동구,강서구,576,1.82
성동구,관악구,172,0.54
성동구,광진구,1903,6.0
성동구,구로구,398,1.26
성동구,금천구,165,0.52
성동구,노원구,2897,9.14
성동구,도봉구,543,1.71
성동구,동대문구,2879,9.08
성동구,동작구,265,0.84
성동구,마포구,470,1.48
성동구,서대문구,453,1.43
성동구,서초구,753,2.37
성동구,성동구,7539,23.78
성동구,성북구,1194,3.77
성동구,송파구,1048,3.31
성동구,양천구,286,0.9
성동구,영등포구,376,1.19
성동구,용산구,802,2.53
성동구,은평구,771,2.43
성동구,종로구,1232,3.89
성동구,중구,1528,4.82
성동구,중랑구,1723,5.43
성북구,강남구,797,1.67
성북구,강동구,648,1.36
성북구,강북구,5640,11.82
성북구,강서구,452,0.95
성북구,관악구,138,0.29
성북구,광진구,674,1.41
성북구,구로구,138,0.29
성북구,금천구,41,0.09
성북구,노원구,7014,14.7
성북구,도봉구,2180,4.57
성북구,동대문구,2860,5.99
성북구,동작구,256,0.54
성북구,마포구,568,1.19
성북구,서대문구,1307,2.74
성북구,서초구,364,0.76
성북구,성동구,1180,2.47
성북구,성북구,14374,30.12
성북구,송파구,570,1.19
성북구,양천구,388,0.81
성북구,영등포구,375,0.79
성북구,용산구,423,0.89
성북구,은평구,378,0.79
성북구,종로구,3805,7.97
성북구,중구,1432,3.0
성북구,중랑구,1728,3.62
송파구,강남구,7059,13.0
송파구,강동구,9086,16.73
송파구,강북구,649,1.2
송파구,강서구,674,1.24
송파구,관악구,316,0.58
송파구,광진구,3593,6.62
송파구,구로구,259,0.48
송파구,금천구,114,0.21
송파구,노원구,1531,2.82
송파구,도봉구,382,0.7
송파구,동대문구,877,1.61
송파구,동작구,293,0.54
송파구,마포구,271,0.5
송파구,서대문구,527,0.97
송파구,서초구,2219,4.09
송파구,성동구,995,1.83
송파구,성북구,410,0.75
송파구,송파구,21336,39.29
송파구,양천구,199,0.37
송파구,영등포구,514,0.95
송파구,용산구,370,0.68
송파구,은평구,535,0.99
송파구,종로구,488,0.9
송파구,중구,582,1.07
송파구,중랑구,1028,1.89
양천구,강남구,254,0.5
양천구,강동구,239,0.47
양천구,강북구,93,0.18
양천구,강서구,8621,16.89
양천구,관악구,380,0.74
양천구,광진구,197,0.39
양천구,구로구,5590,10.95
양천구,금천구,613,1.2
양천구,노원구,291,0.57
양천구,도봉구,126,0.25
양천구,동대문구,227,0.44
양천구,동작구,958,1.88
양천구,마포구,2334,4.57
양천구,서대문구,1886,3.69
양천구,서초구,427,0.84
양천구,성동구,284,0.56
양천구,성북구,244,0.48
양천구,송파구,200,0.39
양천구,양천구,21043,41.21
양천구,영등포구,4804,9.41
양천구,용산구,522,1.02
양천구,은평구,692,1.36
양천구,종로구,493,0.97
양천구,중구,437,0.86
양천구,중랑구,102,0.2
영등포구,강남구,662,1.16
영등포구,강동구,402,0.71
영등포구,강북구,625,1.1
영등포구,강서구,5440,9.54
영등포구,관악구,2659,4.66
영등포구,광진구,296,0.52
영등포구,구로구,6636,11.64
영등포구,금천구,3257,5.71
영등포구,노원구,893,1.57
영등포구,도봉구,439,0.77
영등포구,동대문구,510,0.89
영등포구,동작구,3522,6.18
영등포구,마포구,3071,5.39
영등포구,서대문구,2254,3.95
영등포구,서초구,712,1.25
영등포구,성동구,472,0.83
영등포구,성북구,276,0.48
영등포구,송파구,506,0.89
영등포구,양천구,4648,8.15
영등포구,영등포구,14327,25.13
영등포구,용산구,1476,2.59
영등포구,은평구,1518,2.66
영등포구,종로구,985,1.73
영등포구,중구,753,1.32
영등포구,중랑구,677,1.19
용산구,강남구,552,2.17
용산구,강동구,585,2.3
용산구,강북구,348,1.37
용산구,강서구,1074,4.23
용산구,관악구,695,2.73
용산구,광진구,243,0.96
용산구,구로구,1063,4.18
용산구,금천구,333,1.31
용산구,노원구,525,2.07
용산구,도봉구,217,0.85
용산구,동대문구,527,2.07
용산구,동작구,1246,4.9
용산구,마포구,1987,7.82
용산구,서대문구,1686,6.63
용산구,서초구,1076,4.23
용산구,성동구,739,2.91
용산구,성북구,420,1.65
용산구,송파구,428,1.68
용산구,양천구,528,2.08
용산구,영등포구,1569,6.17
용산구,용산구,5105,20.09
용산구,은평구,1295,5.1
용산구,종로구,1524,6.0
용산구,중구,1220,4.8
용산구,중랑구,429,1.69
은평구,강남구,510,0.71
은평구,강동구,234,0.32
은평구,강북구,411,0.57
은평구,강서구,2874,3.98
은평구,관악구,353,0.49
은평구,광진구,194,0.27
은평구,구로구,568,0.79
은평구,금천구,109,0.15
은평구,노원구,399,0.55
은평구,도봉구,1178,1.63
은평구,동대문구,918,1.27
은평구,동작구,455,0.63
은평구,마포구,9997,13.85
은평구,서대문구,11135,15.42
은평구,서초구,380,0.53
은평구,성동구,614,0.85
은평구,성북구,530,0.73
은평구,송파구,537,0.74
은평구,양천구,540,0.75
은평구,영등포구,1698,2.35
은평구,용산구,1192,1.65
은평구,은평구,33143,45.91
은평구,종로구,2762,3.83
은평구,중구,977,1.35
은평구,중랑구,486,0.67
종로구,강남구,891,2.27
종로구,강동구,596,1.52
종로구,강북구,1325,3.37
종로구,강서구,1394,3.55
종로구,관악구,429,1.09
종로구,광진구,560,1.43
종로구,구로구,811,2.07
종로구,금천구,233,0.59
종로구,노원구,3183,8.11
종로구,도봉구,1344,3.42
종로구,동대문구,2202,5.61
종로구,동작구,617,1.57
종로구,마포구,2596,6.61
종로구,서대문구,3267,8.32
종로구,서초구,733,1.87
종로구,성동구,1173,2.99
종로구,성북구,3278,8.35
종로구,송파구,456,1.16
종로구,양천구,437,1.11
종로구,영등포구,939,2.39
종로구,용산구,1295,3.3
종로구,은평구,2501,6.37
종로구,종로구,6501,16.56
종로구,중구,1614,4.11
종로구,중랑구,892,2.27
중구,강남구,880,4.17
중구,강동구,481,2.28
중구,강북구,531,2.52
중구,강서구,747,3.54
중구,관악구,402,1.91
중구,광진구,517,2.45
중구,구로구,233,1.1
중구,금천구,235,1.11
중구,노원구,976,4.63
중구,도봉구,172,0.82
중구,동대문구,700,3.32
중구,동작구,469,2.22
중구,마포구,832,3.94
중구,서대문구,1682,7.98
중구,서초구,504,2.39
중구,성동구,1467,6.96
중구,성북구,1060,5.03
중구,송파구,457,2.17
중구,양천구,349,1.65
중구,영등포구,765,3.63
중구,용산구,1025,4.86
중구,은평구,588,2.79
중구,종로구,1331,6.31
중구,중구,4200,19.91
중구,중랑구,487,2.31
중랑구,강남구,1073,1.9
중랑구,강동구,1945,3.44
중랑구,강북구,1321,2.34
중랑구,강서구,295,0.52
중랑구,관악구,328,0.58
중랑구,광진구,3380,5.98
중랑구,구로구,164,0.29
중랑구,금천구,35,0.06
중랑구,노원구,8692,15.38
중랑구,도봉구,1456,2.58
중랑구,동대문구,5193,9.19
중랑구,동작구,187,0.33
중랑구,마포구,261,0.46
중랑구,서대문구,393,0.7
중랑구,서초구,412,0.73
중랑구,성동구,1830,3.24
중랑구,성북구,1637,2.9
중랑구,송파구,932,1.65
중랑구,양천구,135,0.24
중랑구,영등포구,663,1.17
중랑구,용산구,445,0.79
중랑구,은평구,480,0.85
중랑구,종로구,1193,2.11
중랑구,중구,348,0.62
중랑구,중랑구,23715,41.96
