출발구,강남구,강동구,강북구,강서구,관악구,광진구,구로구,금천구,노원구,도봉구,동대문구,동작구,마포구,서대문구,서초구,성동구,성북구,송파구,양천구,영등포구,용산구,은평구,종로구,중구,중랑구
강남구,17967,2584,346,834,654,1509,454,297,1345,420,1084,944,606,1013,5041,1290,753,6817,218,659,741,478,928,946,1099
강동구,2570,47028,577,712,547,5519,243,108,1564,859,1507,231,548,371,1118,1414,593,8917,295,391,610,247,758,548,2097
강북구,432,515,12956,575,111,423,151,68,7739,5522,1966,130,390,796,459,1193,5132,667,80,668,376,447,1430,593,1174
강서구,889,715,613,48701,747,446,3309,691,595,322,692,1135,4837,4074,1009,558,452,737,8782,5972,1117,3436,1754,682,288
관악구,927,557,96,813,21273,225,2546,2202,298,146,237,9014,1067,1655,2068,187,151,318,577,2965,732,263,574,494,381
광진구,1497,4855,481,416,197,15029,144,51,2692,295,2457,219,345,137,201,2042,624,3035,163,367,264,201,690,432,3014
구로구,493,248,184,3687,2587,154,16862,1995,199,53,172,2045,1436,888,410,448,155,289,5758,7045,1296,651,1001,255,119
금천구,431,268,67,660,1822,56,2432,7524,142,40,93,1242,253,729,338,197,48,140,747,3940,488,259,214,358,49
노원구,1288,1605,8113,511,206,2943,211,125,84181,14009,6230,241,576,1427,639,3075,8238,1673,261,1061,550,465,3379,1392,9533
도봉구,407,807,5480,289,163,562,98,28,13132,15280,1586,116,133,765,198,674,2423,433,115,534,271,1180,1192,245,1493
동대문구,1050,1489,1929,739,285,2004,157,67,6250,1289,19109,242,760,478,437,2973,2877,916,330,599,456,940,2470,1193,5017
동작구,959,288,143,1016,8578,312,2332,1019,169,113,261,12863,1526,1156,1905,227,186,312,831,3788,1258,419,795,423,164
마포구,625,334,399,6482,1456,486,1425,135,577,239,556,1888,22034,15415,449,460,712,349,2269,3274,2292,12253,2452,1006,278
서대문구,895,323,845,4267,1309,122,758,715,1234,712,511,1063,15773,23052,799,505,1030,579,1775,2503,1747,11378,3543,1911,360
서초구,5265,1172,377,973,1899,256,326,298,614,186,426,1937,662,927,13662,698,377,2134,314,807,980,321,924,513,374
성동구,1183,1329,1223,576,172,1903,398,165,2897,543,2879,265,470,453,753,7539,1194,1048,286,376,802,771,1232,1528,1723
성북구,797,648,5640,452,138,674,138,41,7014,2180,2860,256,568,1307,364,1180,14374,570,388,375,423,378,3805,1432,1728
송파구,7059,9086,649,674,316,3593,259,114,1531,382,877,293,271,527,2219,995,410,21336,199,514,370,535,488,582,1028
양천구,254,239,93,8621,380,197,5590,613,291,126,227,958,2334,1886,427,284,244,200,21043,4804,522,692,493,437,102
영등포구,662,402,625,5440,2659,296,6636,3257,893,439,510,3522,3071,2254,712,472,276,506,4648,14327,1476,1518,985,753,677
용산구,552,585,348,1074,695,243,1063,333,525,217,527,1246,1987,1686,1076,739,420,428,528,1569,5105,1295,1524,1220,429
은평구,510,234,411,2874,353,194,568,109,399,1178,918,455,9997,11135,380,614,530,537,540,1698,1192,33143,2762,977,486
종로구,891,596,1325,1394,429,560,811,233,3183,1344,2202,617,2596,3267,733,1173,3278,456,437,939,1295,2501,6501,1614,892
중구,880,481,531,747,402,517,233,235,976,172,700,469,832,1682,504,1467,1060,457,349,765,1025,588,1331,4200,487
중랑구,1073,1945,1321,295,328,3380,164,35,8692,1456,5193,187,261,393,412,1830,1637,932,135,663,445,480,1193,348,23715
