요일,출발구,승차시간대,평균완료운행건수,중앙값완료운행건수,최대완료운행건수
월,강남구,0,0.31,0.0,2
월,강남구,1,0.12,0.0,1
월,강남구,2,0.08,0.0,1
월,강남구,3,0.08,0.0,1
월,강남구,4,0.17,0.0,2
월,강남구,5,0.21,0.0,2
월,강남구,6,0.33,0.0,2
월,강남구,7,6.73,7.0,14
월,강남구,8,10.04,10.0,19
월,강남구,9,12.02,12.5,19
월,강남구,10,14.75,15.0,23
월,강남구,11,14.62,14.0,25
월,강남구,12,18.48,19.0,31
월,강남구,13,16.94,17.0,25
월,강남구,14,16.25,16.5,26
월,강남구,15,11.62,12.0,19
월,강남구,16,11.88,12.0,21
월,강남구,17,7.1,7.0,14
월,강남구,18,7.38,7.0,15
월,강남구,19,3.71,4.0,8
월,강남구,20,2.13,2.0,7
월,강남구,21,1.27,1.0,5
월,강남구,22,1.44,1.0,5
월,강남구,23,0.48,0.0,2
월,강동구,0,0.13,0.0,1
월,강동구,1,0.04,0.0,1
월,강동구,2,0.04,0.0,1
월,강동구,3,0.08,0.0,1
월,강동구,4,0.87,1.0,2
월,강동구,5,1.85,2.0,4
월,강동구,6,1.19,1.0,4
월,강동구,7,11.63,12.0,17
월,강동구,8,17.27,18.0,27
월,강동구,9,19.19,20.0,29
월,강동구,10,33.77,35.0,46
월,강동구,11,25.38,27.0,38
월,강동구,12,27.9,28.0,38
월,강동구,13,29.1,31.0,42
월,강동구,14,31.37,34.0,41
월,강동구,15,22.4,23.0,33
월,강동구,16,18.27,19.0,26
월,강동구,17,12.17,12.0,20
월,강동구,18,5.71,6.0,12
월,강동구,19,3.02,3.0,8
월,강동구,20,1.52,1.0,4
월,강동구,21,1.02,1.0,4
월,강동구,22,1.12,1.0,5
월,강동구,23,0.6,0.0,3
월,강북구,0,0.08,0.0,1
월,강북구,1,0.06,0.0,1
월,강북구,2,0.04,0.0,1
월,강북구,3,0.13,0.0,1
월,강북구,4,0.52,0.0,2
월,강북구,5,0.87,1.0,3
월,강북구,6,1.67,2.0,4
월,강북구,7,10.56,11.0,16
월,강북구,8,11.63,12.0,17
월,강북구,9,11.83,12.5,23
월,강북구,10,16.08,16.0,26
월,강북구,11,14.6,14.0,22
월,강북구,12,17.46,17.0,27
월,강북구,13,13.31,13.0,23
월,강북구,14,15.19,16.0,23
월,강북구,15,12.58,13.0,21
월,강북구,16,11.33,12.0,17
월,강북구,17,5.02,5.0,11
월,강북구,18,4.1,4.0,9
월,강북구,19,3.1,3.0,10
월,강북구,20,1.79,1.0,5
월,강북구,21,1.13,1.0,4
월,강북구,22,0.31,0.0,4
월,강북구,23,0.23,0.0,2
월,강서구,0,0.46,0.0,3
월,강서구,1,0.15,0.0,2
월,강서구,2,0.29,0.0,2
월,강서구,3,0.19,0.0,1
월,강서구,4,0.38,0.0,3
월,강서구,5,0.06,0.0,1
월,강서구,6,2.37,2.0,4
월,강서구,7,11.75,12.0,19
월,강서구,8,18.83,19.0,29
월,강서구,9,30.71,32.5,41
월,강서구,10,28.87,28.0,41
월,강서구,11,32.48,34.0,45
월,강서구,12,33.92,35.5,47
월,강서구,13,27.88,29.0,38
월,강서구,14,29.06,29.5,44
월,강서구,15,30.08,31.0,45
월,강서구,16,27.29,27.5,42
월,강서구,17,17.94,18.0,30
월,강서구,18,9.83,10.0,17
월,강서구,19,4.71,4.5,10
월,강서구,20,3.15,3.0,6
월,강서구,21,2.52,2.0,7
월,강서구,22,1.77,2.0,4
월,강서구,23,0.81,1.0,4
월,관악구,0,0.12,0.0,2
월,관악구,1,0.1,0.0,1
월,관악구,2,0.02,0.0,1
월,관악구,3,0.0,0.0,0
월,관악구,4,0.1,0.0,2
월,관악구,5,0.73,1.0,2
월,관악구,6,1.79,2.0,4
월,관악구,7,10.62,11.0,20
월,관악구,8,14.62,15.0,23
월,관악구,9,17.42,18.0,26
월,관악구,10,14.65,15.0,24
월,관악구,11,15.33,15.5,28
월,관악구,12,22.4,23.0,33
월,관악구,13,15.5,15.0,26
월,관악구,14,14.48,15.0,24
월,관악구,15,14.33,15.0,23
월,관악구,16,11.54,12.0,21
월,관악구,17,6.19,6.5,12
월,관악구,18,4.23,4.0,8
월,관악구,19,1.85,2.0,4
월,관악구,20,0.92,1.0,3
월,관악구,21,1.15,1.0,4
월,관악구,22,1.1,1.0,4
월,관악구,23,0.19,0.0,2
월,광진구,0,0.1,0.0,2
월,광진구,1,0.04,0.0,1
월,광진구,2,0.04,0.0,2
월,광진구,3,0.04,0.0,1
월,광진구,4,0.04,0.0,1
월,광진구,5,0.06,0.0,1
월,광진구,6,0.96,1.0,2
월,광진구,7,5.17,5.0,8
월,광진구,8,7.54,7.0,13
월,광진구,9,11.23,11.5,21
월,광진구,10,13.0,13.0,20
월,광진구,11,13.88,15.0,22
월,광진구,12,17.42,18.0,27
월,광진구,13,12.37,13.0,21
월,광진구,14,17.83,19.0,25
월,광진구,15,12.23,13.0,21
월,광진구,16,11.12,11.5,24
월,광진구,17,9.27,10.0,18
월,광진구,18,3.54,3.0,7
월,광진구,19,2.4,2.5,7
월,광진구,20,1.31,1.0,4
월,광진구,21,1.0,1.0,3
월,광진구,22,0.6,0.0,3
월,광진구,23,0.12,0.0,1
월,구로구,0,0.12,0.0,1
월,구로구,1,0.04,0.0,1
월,구로구,2,0.0,0.0,0
월,구로구,3,0.06,0.0,1
월,구로구,4,0.27,0.0,2
월,구로구,5,0.23,0.0,2
월,구로구,6,0.98,1.0,3
월,구로구,7,6.94,7.0,12
월,구로구,8,13.37,13.0,22
월,구로구,9,19.27,21.0,29
월,구로구,10,20.58,22.0,31
월,구로구,11,13.46,14.0,23
월,구로구,12,22.44,24.0,33
월,구로구,13,14.44,15.0,21
월,구로구,14,13.9,14.0,22
월,구로구,15,15.02,16.0,22
월,구로구,16,8.56,9.0,14
월,구로구,17,4.29,4.0,9
월,구로구,18,4.31,4.0,9
월,구로구,19,2.12,2.0,6
월,구로구,20,1.4,1.0,4
월,구로구,21,2.38,2.0,6
월,구로구,22,0.83,1.0,4
월,구로구,23,0.15,0.0,2
월,금천구,0,0.08,0.0,1
월,금천구,1,0.08,0.0,1
월,금천구,2,0.04,0.0,1
월,금천구,3,0.13,0.0,1
월,금천구,4,0.31,0.0,1
월,금천구,5,0.19,0.0,1
월,금천구,6,1.02,1.0,3
월,금천구,7,5.79,5.0,10
월,금천구,8,4.69,5.0,9
월,금천구,9,7.31,7.0,13
월,금천구,10,8.5,9.0,13
월,금천구,11,5.52,5.0,10
월,금천구,12,9.5,10.0,15
월,금천구,13,8.35,9.0,14
월,금천구,14,5.29,5.0,12
월,금천구,15,6.21,6.0,11
월,금천구,16,3.92,4.0,8
월,금천구,17,4.69,5.0,9
월,금천구,18,4.08,4.0,8
월,금천구,19,1.9,1.5,6
월,금천구,20,0.79,0.0,5
월,금천구,21,0.38,0.0,2
월,금천구,22,0.19,0.0,2
월,금천구,23,0.15,0.0,1
월,노원구,0,0.67,0.0,3
월,노원구,1,0.21,0.0,2
월,노원구,2,0.23,0.0,2
월,노원구,3,0.13,0.0,1
월,노원구,4,0.98,1.0,2
월,노원구,5,0.29,0.0,2
월,노원구,6,1.19,1.0,3
월,노원구,7,19.38,20.5,31
월,노원구,8,31.46,33.0,49
월,노원구,9,45.46,48.0,60
월,노원구,10,50.85,52.5,67
월,노원구,11,41.1,43.0,56
월,노원구,12,54.65,57.0,72
월,노원구,13,57.79,61.0,80
월,노원구,14,63.85,66.5,86
월,노원구,15,60.27,63.5,81
월,노원구,16,50.4,53.5,66
월,노원구,17,26.81,29.0,40
월,노원구,18,11.94,12.0,21
월,노원구,19,6.77,7.0,12
월,노원구,20,3.54,3.0,9
월,노원구,21,2.54,2.0,8
월,노원구,22,1.5,1.0,4
월,노원구,23,1.08,1.0,4
월,도봉구,0,0.15,0.0,1
월,도봉구,1,0.02,0.0,1
월,도봉구,2,0.04,0.0,1
월,도봉구,3,0.08,0.0,1
월,도봉구,4,0.42,0.0,1
월,도봉구,5,1.06,1.0,2
월,도봉구,6,1.63,2.0,4
월,도봉구,7,4.96,5.0,9
월,도봉구,8,13.79,14.0,21
월,도봉구,9,13.08,14.0,21
월,도봉구,10,15.73,17.0,25
월,도봉구,11,13.02,13.0,20
월,도봉구,12,12.96,13.0,24
월,도봉구,13,14.23,15.0,27
월,도봉구,14,17.1,18.0,28
월,도봉구,15,17.5,18.5,26
월,도봉구,16,13.25,13.0,23
월,도봉구,17,7.71,8.0,15
월,도봉구,18,3.23,3.0,7
월,도봉구,19,1.85,2.0,5
월,도봉구,20,1.21,1.0,5
월,도봉구,21,0.31,0.0,1
월,도봉구,22,0.23,0.0,3
월,도봉구,23,0.06,0.0,1
월,동대문구,0,0.46,0.0,2
월,동대문구,1,0.25,0.0,2
월,동대문구,2,0.15,0.0,1
월,동대문구,3,0.08,0.0,1
월,동대문구,4,0.88,1.0,3
월,동대문구,5,0.63,1.0,1
월,동대문구,6,0.79,1.0,2
월,동대문구,7,10.29,10.0,24
월,동대문구,8,16.23,16.5,27
월,동대문구,9,16.46,17.0,25
월,동대문구,10,17.96,17.5,32
월,동대문구,11,20.6,21.0,35
월,동대문구,12,21.71,22.0,30
월,동대문구,13,12.25,13.0,20
월,동대문구,14,15.0,15.0,25
월,동대문구,15,16.38,16.0,24
월,동대문구,16,14.67,15.0,23
월,동대문구,17,7.04,7.0,13
월,동대문구,18,5.12,5.0,13
월,동대문구,19,2.04,2.0,6
월,동대문구,20,1.58,1.0,4
월,동대문구,21,1.75,2.0,5
월,동대문구,22,0.63,0.0,3
월,동대문구,23,0.5,0.0,3
월,동작구,0,0.25,0.0,2
월,동작구,1,0.02,0.0,1
월,동작구,2,0.06,0.0,1
월,동작구,3,0.08,0.0,1
월,동작구,4,0.58,1.0,1
월,동작구,5,0.63,1.0,2
월,동작구,6,0.08,0.0,1
월,동작구,7,3.79,4.0,7
월,동작구,8,12.23,12.0,22
월,동작구,9,12.52,13.0,22
월,동작구,10,13.0,13.0,21
월,동작구,11,13.56,14.0,21
월,동작구,12,17.52,18.0,28
월,동작구,13,11.27,11.0,20
월,동작구,14,17.85,18.0,27
월,동작구,15,13.08,12.5,27
월,동작구,16,8.54,8.5,19
월,동작구,17,7.48,8.0,14
월,동작구,18,4.88,5.0,9
월,동작구,19,2.73,3.0,6
월,동작구,20,1.06,1.0,4
월,동작구,21,0.96,1.0,4
월,동작구,22,0.27,0.0,2
월,동작구,23,0.1,0.0,1
월,마포구,0,0.15,0.0,1
월,마포구,1,0.08,0.0,1
월,마포구,2,0.1,0.0,1
월,마포구,3,0.56,1.0,2
월,마포구,4,1.65,2.0,3
월,마포구,5,0.67,1.0,2
월,마포구,6,0.5,0.0,2
월,마포구,7,15.48,16.0,23
월,마포구,8,18.06,19.0,29
월,마포구,9,19.08,20.0,34
월,마포구,10,19.02,19.0,30
월,마포구,11,18.96,19.5,29
월,마포구,12,28.38,29.5,43
월,마포구,13,24.54,26.0,35
월,마포구,14,44.21,49.5,62
월,마포구,15,28.35,29.0,60
월,마포구,16,19.71,20.5,28
월,마포구,17,12.17,12.0,20
월,마포구,18,11.33,12.0,22
월,마포구,19,6.23,6.0,14
월,마포구,20,1.46,1.0,4
월,마포구,21,0.88,1.0,3
월,마포구,22,0.44,0.0,2
월,마포구,23,0.12,0.0,1
월,서대문구,0,0.31,0.0,2
월,서대문구,1,0.12,0.0,1
월,서대문구,2,0.04,0.0,1
월,서대문구,3,0.04,0.0,1
월,서대문구,4,0.04,0.0,1
월,서대문구,5,0.13,0.0,2
월,서대문구,6,2.56,2.0,6
월,서대문구,7,12.4,12.5,20
월,서대문구,8,14.71,15.0,24
월,서대문구,9,19.54,21.0,27
월,서대문구,10,31.54,32.0,44
월,서대문구,11,22.27,23.0,32
월,서대문구,12,32.92,35.0,47
월,서대문구,13,24.62,26.0,36
월,서대문구,14,29.25,31.0,40
월,서대문구,15,21.54,23.0,35
월,서대문구,16,17.1,18.0,28
월,서대문구,17,17.35,17.5,27
월,서대문구,18,7.48,8.0,13
월,서대문구,19,2.73,2.0,9
월,서대문구,20,1.42,1.0,6
월,서대문구,21,0.9,1.0,4
월,서대문구,22,0.52,0.0,3
월,서대문구,23,0.21,0.0,1
월,서초구,0,0.12,0.0,2
월,서초구,1,0.67,1.0,2
월,서초구,2,0.12,0.0,1
월,서초구,3,0.04,0.0,1
월,서초구,4,0.06,0.0,1
월,서초구,5,0.08,0.0,1
월,서초구,6,0.08,0.0,1
월,서초구,7,4.77,4.5,12
월,서초구,8,7.12,8.0,13
월,서초구,9,8.19,8.0,14
월,서초구,10,9.79,11.0,16
월,서초구,11,9.19,9.0,15
월,서초구,12,14.42,15.0,24
월,서초구,13,12.65,12.5,20
월,서초구,14,10.58,11.0,17
월,서초구,15,12.19,12.0,20
월,서초구,16,9.67,9.5,18
월,서초구,17,7.69,7.0,14
월,서초구,18,4.94,5.0,11
월,서초구,19,4.4,4.0,8
월,서초구,20,2.12,2.0,7
월,서초구,21,0.92,1.0,3
월,서초구,22,0.46,0.0,2
월,서초구,23,0.33,0.0,2
월,성동구,0,0.08,0.0,2
월,성동구,1,0.06,0.0,1
월,성동구,2,0.06,0.0,1
월,성동구,3,0.04,0.0,1
월,성동구,4,0.08,0.0,1
월,성동구,5,0.23,0.0,2
월,성동구,6,1.23,1.0,2
월,성동구,7,5.19,5.5,9
월,성동구,8,10.02,11.0,20
월,성동구,9,9.44,9.0,19
월,성동구,10,7.79,7.5,16
월,성동구,11,8.81,9.0,17
월,성동구,12,11.12,11.5,18
월,성동구,13,12.29,13.0,20
월,성동구,14,11.38,11.5,20
월,성동구,15,8.83,9.0,15
월,성동구,16,9.44,9.0,20
월,성동구,17,9.88,10.0,16
월,성동구,18,3.77,3.0,10
월,성동구,19,1.6,1.0,6
월,성동구,20,1.15,1.0,5
월,성동구,21,0.96,1.0,5
월,성동구,22,0.31,0.0,2
월,성동구,23,0.25,0.0,2
월,성북구,0,0.1,0.0,1
월,성북구,1,0.1,0.0,1
월,성북구,2,0.15,0.0,2
월,성북구,3,0.08,0.0,2
월,성북구,4,0.25,0.0,2
월,성북구,5,0.08,0.0,1
월,성북구,6,1.25,1.0,4
월,성북구,7,12.73,14.0,21
월,성북구,8,17.0,18.0,25
월,성북구,9,17.31,18.0,25
월,성북구,10,15.81,16.0,23
월,성북구,11,12.73,12.5,22
월,성북구,12,15.37,15.0,27
월,성북구,13,14.56,15.0,23
월,성북구,14,12.54,12.0,25
월,성북구,15,16.31,16.0,30
월,성북구,16,10.98,12.0,17
월,성북구,17,6.62,7.0,13
월,성북구,18,4.71,4.0,14
월,성북구,19,1.29,1.0,4
월,성북구,20,1.31,1.0,5
월,성북구,21,1.15,1.0,4
월,성북구,22,0.25,0.0,2
월,성북구,23,0.15,0.0,2
월,송파구,0,0.38,0.0,2
월,송파구,1,0.17,0.0,2
월,송파구,2,0.13,0.0,1
월,송파구,3,0.04,0.0,1
월,송파구,4,0.87,1.0,2
월,송파구,5,0.6,0.0,2
월,송파구,6,0.96,1.0,2
월,송파구,7,10.19,11.0,16
월,송파구,8,10.13,10.5,18
월,송파구,9,15.19,16.0,24
월,송파구,10,18.56,19.0,32
월,송파구,11,14.46,15.0,22
월,송파구,12,20.94,21.5,33
월,송파구,13,16.21,16.0,34
월,송파구,14,17.29,18.0,25
월,송파구,15,13.37,13.5,21
월,송파구,16,11.48,11.0,20
월,송파구,17,10.63,11.0,17
월,송파구,18,5.6,5.0,12
월,송파구,19,3.25,3.0,8
월,송파구,20,1.88,2.0,6
월,송파구,21,1.17,1.0,4
월,송파구,22,0.87,1.0,4
월,송파구,23,0.52,0.0,3
월,양천구,0,0.06,0.0,1
월,양천구,1,0.08,0.0,1
월,양천구,2,0.06,0.0,1
월,양천구,3,0.13,0.0,1
월,양천구,4,0.46,0.0,2
월,양천구,5,2.46,2.0,4
월,양천구,6,1.0,1.0,4
월,양천구,7,6.52,7.0,11
월,양천구,8,10.85,11.0,17
월,양천구,9,11.75,12.0,18
월,양천구,10,20.67,21.0,29
월,양천구,11,16.58,17.0,22
월,양천구,12,19.4,20.0,26
월,양천구,13,17.35,18.0,30
월,양천구,14,17.04,17.0,27
월,양천구,15,12.96,13.0,23
월,양천구,16,10.58,11.0,19
월,양천구,17,8.54,9.0,14
월,양천구,18,5.33,5.0,10
월,양천구,19,2.29,2.0,7
월,양천구,20,0.73,0.5,5
월,양천구,21,0.44,0.0,4
월,양천구,22,1.04,1.0,3
월,양천구,23,0.19,0.0,1
월,영등포구,0,0.15,0.0,2
월,영등포구,1,0.04,0.0,2
월,영등포구,2,0.06,0.0,1
월,영등포구,3,0.04,0.0,1
월,영등포구,4,0.25,0.0,2
월,영등포구,5,0.04,0.0,1
월,영등포구,6,0.79,1.0,3
월,영등포구,7,9.77,10.0,15
월,영등포구,8,9.71,10.0,16
월,영등포구,9,9.29,9.0,17
월,영등포구,10,13.31,13.0,25
월,영등포구,11,19.27,19.0,29
월,영등포구,12,25.13,27.0,35
월,영등포구,13,17.04,17.0,32
월,영등포구,14,16.73,16.5,26
월,영등포구,15,21.15,20.5,42
월,영등포구,16,18.62,20.0,30
월,영등포구,17,11.37,11.0,23
월,영등포구,18,8.48,9.0,17
월,영등포구,19,3.83,4.0,8
월,영등포구,20,1.48,1.0,5
월,영등포구,21,1.29,1.0,5
월,영등포구,22,1.33,1.0,5
월,영등포구,23,0.33,0.0,2
월,용산구,0,0.19,0.0,1
월,용산구,1,0.12,0.0,1
월,용산구,2,0.06,0.0,1
월,용산구,3,0.06,0.0,1
월,용산구,4,0.02,0.0,1
월,용산구,5,0.02,0.0,1
월,용산구,6,0.77,1.0,2
월,용산구,7,7.08,7.0,10
월,용산구,8,8.06,8.0,14
월,용산구,9,5.88,6.0,11
월,용산구,10,7.79,8.0,19
월,용산구,11,8.9,9.0,15
월,용산구,12,10.44,10.0,17
월,용산구,13,7.37,7.0,22
월,용산구,14,7.17,7.0,12
월,용산구,15,5.25,5.0,9
월,용산구,16,3.6,3.0,11
월,용산구,17,2.62,2.0,7
월,용산구,18,1.42,1.0,4
월,용산구,19,1.38,1.0,6
월,용산구,20,1.08,1.0,3
월,용산구,21,0.92,1.0,4
월,용산구,22,0.4,0.0,2
월,용산구,23,0.33,0.0,2
월,은평구,0,0.21,0.0,1
월,은평구,1,0.04,0.0,1
월,은평구,2,0.04,0.0,2
월,은평구,3,0.0,0.0,0
월,은평구,4,0.6,1.0,2
월,은평구,5,1.08,1.0,3
월,은평구,6,1.73,2.0,6
월,은평구,7,10.83,11.0,19
월,은평구,8,21.85,22.0,32
월,은평구,9,21.67,23.0,36
월,은평구,10,23.42,23.5,42
월,은평구,11,24.88,27.0,42
월,은평구,12,24.52,25.0,37
월,은평구,13,25.46,26.0,38
월,은평구,14,21.5,22.0,31
월,은평구,15,23.77,25.0,39
월,은평구,16,18.87,19.0,29
월,은평구,17,14.42,15.0,27
월,은평구,18,9.46,9.0,17
월,은평구,19,4.54,5.0,9
월,은평구,20,2.4,2.0,5
월,은평구,21,1.58,1.5,4
월,은평구,22,0.71,0.5,4
월,은평구,23,0.23,0.0,1
월,종로구,0,0.29,0.0,3
월,종로구,1,0.08,0.0,1
월,종로구,2,0.12,0.0,1
월,종로구,3,0.02,0.0,1
월,종로구,4,0.06,0.0,1
월,종로구,5,0.04,0.0,1
월,종로구,6,0.04,0.0,1
월,종로구,7,3.23,3.0,9
월,종로구,8,5.21,5.0,10
월,종로구,9,6.23,6.0,12
월,종로구,10,8.13,8.0,13
월,종로구,11,10.54,11.0,17
월,종로구,12,12.42,12.0,22
월,종로구,13,12.08,12.0,21
월,종로구,14,15.62,16.0,24
월,종로구,15,10.85,11.0,20
월,종로구,16,9.35,10.0,20
월,종로구,17,10.06,10.0,18
월,종로구,18,10.25,11.0,18
월,종로구,19,6.1,6.0,13
월,종로구,20,2.08,2.0,6
월,종로구,21,1.69,1.5,7
월,종로구,22,1.25,1.0,5
월,종로구,23,0.46,0.0,3
월,중구,0,0.33,0.0,2
월,중구,1,0.29,0.0,2
월,중구,2,0.15,0.0,1
월,중구,3,0.06,0.0,1
월,중구,4,0.02,0.0,1
월,중구,5,0.04,0.0,1
월,중구,6,0.0,0.0,0
월,중구,7,2.21,2.0,4
월,중구,8,3.65,4.0,9
월,중구,9,5.98,6.0,11
월,중구,10,4.75,5.0,10
월,중구,11,4.85,4.0,12
월,중구,12,9.27,9.0,16
월,중구,13,7.23,7.0,14
월,중구,14,4.19,4.0,9
월,중구,15,4.75,5.0,10
월,중구,16,4.02,4.0,8
월,중구,17,5.38,5.0,12
월,중구,18,4.83,5.0,10
월,중구,19,2.23,2.0,6
월,중구,20,1.65,2.0,4
월,중구,21,1.12,1.0,6
월,중구,22,0.67,0.5,2
월,중구,23,0.4,0.0,2
월,중랑구,0,0.17,0.0,3
월,중랑구,1,0.08,0.0,1
월,중랑구,2,0.08,0.0,1
월,중랑구,3,0.1,0.0,1
월,중랑구,4,0.48,0.0,2
월,중랑구,5,0.62,1.0,1
월,중랑구,6,0.27,0.0,1
월,중랑구,7,7.88,8.0,15
월,중랑구,8,11.23,11.5,18
월,중랑구,9,15.27,15.5,22
월,중랑구,10,21.25,22.0,36
월,중랑구,11,13.58,13.5,24
월,중랑구,12,25.19,26.0,38
월,중랑구,13,18.63,18.0,33
월,중랑구,14,12.6,13.0,20
월,중랑구,15,14.81,15.0,23
월,중랑구,16,20.33,21.0,31
월,중랑구,17,8.12,8.0,18
월,중랑구,18,5.27,5.0,9
월,중랑구,19,3.12,3.0,7
월,중랑구,20,2.58,2.0,5
월,중랑구,21,1.23,1.0,4
월,중랑구,22,0.62,0.0,3
월,중랑구,23,0.31,0.0,3
화,강남구,0,0.13,0.0,2
화,강남구,1,0.1,0.0,1
화,강남구,2,0.08,0.0,1
화,강남구,3,0.1,0.0,1
화,강남구,4,0.62,1.0,3
화,강남구,5,1.08,1.0,3
화,강남구,6,0.25,0.0,2
화,강남구,7,9.1,9.0,15
화,강남구,8,10.04,10.0,17
화,강남구,9,10.96,11.5,18
화,강남구,10,13.65,14.0,26
화,강남구,11,14.79,15.0,22
화,강남구,12,19.81,20.0,30
화,강남구,13,17.38,17.5,27
화,강남구,14,16.87,18.0,27
화,강남구,15,11.9,12.0,21
화,강남구,16,11.48,11.5,19
화,강남구,17,6.17,6.0,13
화,강남구,18,5.96,6.0,12
화,강남구,19,4.87,4.0,13
화,강남구,20,2.81,3.0,6
화,강남구,21,1.71,2.0,5
화,강남구,22,1.23,1.0,6
화,강남구,23,0.56,0.0,3
화,강동구,0,0.23,0.0,2
화,강동구,1,0.19,0.0,3
화,강동구,2,0.06,0.0,1
화,강동구,3,0.13,0.0,2
화,강동구,4,0.31,0.0,3
화,강동구,5,1.06,1.0,4
화,강동구,6,1.75,2.0,5
화,강동구,7,10.29,11.0,17
화,강동구,8,17.19,17.5,27
화,강동구,9,20.62,21.0,39
화,강동구,10,29.87,31.0,41
화,강동구,11,26.1,27.0,39
화,강동구,12,32.0,33.0,45
화,강동구,13,24.73,25.0,38
화,강동구,14,32.63,34.0,46
화,강동구,15,25.46,26.5,36
화,강동구,16,19.52,20.0,31
화,강동구,17,14.29,14.0,25
화,강동구,18,5.4,5.0,14
화,강동구,19,2.21,2.0,7
화,강동구,20,1.37,1.0,4
화,강동구,21,1.06,1.0,5
화,강동구,22,1.29,1.0,4
화,강동구,23,0.65,1.0,3
화,강북구,0,0.08,0.0,1
화,강북구,1,0.06,0.0,1
화,강북구,2,0.15,0.0,1
화,강북구,3,0.13,0.0,1
화,강북구,4,0.29,0.0,2
화,강북구,5,0.65,0.0,2
화,강북구,6,1.42,2.0,3
화,강북구,7,9.73,10.0,21
화,강북구,8,10.5,11.0,16
화,강북구,9,11.31,11.0,23
화,강북구,10,13.0,13.0,18
화,강북구,11,13.04,12.0,20
화,강북구,12,16.5,17.0,28
화,강북구,13,13.33,13.5,22
화,강북구,14,14.87,15.0,24
화,강북구,15,12.5,13.0,19
화,강북구,16,6.87,6.5,12
화,강북구,17,5.69,6.0,11
화,강북구,18,3.73,4.0,8
화,강북구,19,2.83,3.0,6
화,강북구,20,1.54,1.0,5
화,강북구,21,1.13,1.0,4
화,강북구,22,0.33,0.0,3
화,강북구,23,0.27,0.0,2
화,강서구,0,0.27,0.0,2
화,강서구,1,0.19,0.0,2
화,강서구,2,0.29,0.0,3
화,강서구,3,0.31,0.0,3
화,강서구,4,1.23,1.0,3
화,강서구,5,1.63,2.0,3
화,강서구,6,1.83,2.0,4
화,강서구,7,12.19,12.0,20
화,강서구,8,20.33,21.0,32
화,강서구,9,25.9,27.0,37
화,강서구,10,28.4,30.0,39
화,강서구,11,26.38,26.0,40
화,강서구,12,30.81,33.5,45
화,강서구,13,30.44,31.0,43
화,강서구,14,29.0,29.5,43
화,강서구,15,30.04,31.0,42
화,강서구,16,25.9,27.0,37
화,강서구,17,17.48,18.0,25
화,강서구,18,9.83,9.5,18
화,강서구,19,5.04,5.0,12
화,강서구,20,3.98,4.0,7
화,강서구,21,2.4,2.0,6
화,강서구,22,1.29,1.0,5
화,강서구,23,0.92,1.0,4
화,관악구,0,0.0,0.0,0
화,관악구,1,0.15,0.0,1
화,관악구,2,0.12,0.0,1
화,관악구,3,0.04,0.0,1
화,관악구,4,2.12,2.0,4
화,관악구,5,0.56,0.0,2
화,관악구,6,1.4,1.0,3
화,관악구,7,9.48,9.0,17
화,관악구,8,13.0,13.0,19
화,관악구,9,15.6,16.0,25
화,관악구,10,16.62,17.0,26
화,관악구,11,15.0,16.0,23
화,관악구,12,17.5,18.0,31
화,관악구,13,16.65,17.0,28
화,관악구,14,17.21,17.0,29
화,관악구,15,13.54,14.0,21
화,관악구,16,8.25,8.0,15
화,관악구,17,5.46,6.0,13
화,관악구,18,3.56,3.0,8
화,관악구,19,2.65,2.0,7
화,관악구,20,0.87,1.0,3
화,관악구,21,1.42,1.0,4
화,관악구,22,0.77,1.0,2
화,관악구,23,0.13,0.0,2
화,광진구,0,0.13,0.0,1
화,광진구,1,0.0,0.0,0
화,광진구,2,0.02,0.0,1
화,광진구,3,0.02,0.0,1
화,광진구,4,0.04,0.0,1
화,광진구,5,0.46,0.0,2
화,광진구,6,0.87,1.0,2
화,광진구,7,7.23,8.0,13
화,광진구,8,7.81,8.0,12
화,광진구,9,9.77,10.0,15
화,광진구,10,14.23,15.0,20
화,광진구,11,10.42,10.0,17
화,광진구,12,16.0,16.5,24
화,광진구,13,13.1,14.0,21
화,광진구,14,15.04,15.0,27
화,광진구,15,15.33,15.0,25
화,광진구,16,10.54,11.0,19
화,광진구,17,7.94,8.0,15
화,광진구,18,3.6,3.5,9
화,광진구,19,2.19,2.0,5
화,광진구,20,0.98,1.0,3
화,광진구,21,0.98,1.0,4
화,광진구,22,0.71,0.5,3
화,광진구,23,0.08,0.0,1
화,구로구,0,0.15,0.0,1
화,구로구,1,0.06,0.0,1
화,구로구,2,0.1,0.0,2
화,구로구,3,0.04,0.0,2
화,구로구,4,0.1,0.0,1
화,구로구,5,0.25,0.0,2
화,구로구,6,0.1,0.0,1
화,구로구,7,6.67,7.0,15
화,구로구,8,12.85,13.5,21
화,구로구,9,17.71,18.0,28
화,구로구,10,18.06,19.0,27
화,구로구,11,15.96,16.0,28
화,구로구,12,21.35,22.0,31
화,구로구,13,15.35,15.0,25
화,구로구,14,14.69,15.5,22
화,구로구,15,13.88,14.0,25
화,구로구,16,10.25,11.0,19
화,구로구,17,5.33,6.0,11
화,구로구,18,4.23,4.0,8
화,구로구,19,2.6,2.0,6
화,구로구,20,1.65,2.0,5
화,구로구,21,1.63,1.0,7
화,구로구,22,0.67,0.0,4
화,구로구,23,0.23,0.0,2
화,금천구,0,0.12,0.0,1
화,금천구,1,0.08,0.0,1
화,금천구,2,0.02,0.0,1
화,금천구,3,0.08,0.0,1
화,금천구,4,0.21,0.0,2
화,금천구,5,0.1,0.0,2
화,금천구,6,0.5,0.0,2
화,금천구,7,5.87,6.0,10
화,금천구,8,5.15,5.0,10
화,금천구,9,6.38,6.0,10
화,금천구,10,7.46,7.5,11
화,금천구,11,7.17,7.0,13
화,금천구,12,7.48,8.0,13
화,금천구,13,5.62,5.0,12
화,금천구,14,5.85,5.5,10
화,금천구,15,5.02,5.0,10
화,금천구,16,3.63,3.0,9
화,금천구,17,2.31,2.0,6
화,금천구,18,2.4,2.0,5
화,금천구,19,1.65,2.0,6
화,금천구,20,0.65,0.5,3
화,금천구,21,0.48,0.0,3
화,금천구,22,0.12,0.0,1
화,금천구,23,0.08,0.0,1
화,노원구,0,0.29,0.0,2
화,노원구,1,0.27,0.0,2
화,노원구,2,0.73,1.0,2
화,노원구,3,0.21,0.0,1
화,노원구,4,2.12,2.0,4
화,노원구,5,1.27,1.0,3
화,노원구,6,0.96,1.0,3
화,노원구,7,22.52,24.0,34
화,노원구,8,33.33,34.0,47
화,노원구,9,45.92,48.0,64
화,노원구,10,47.81,49.5,66
화,노원구,11,35.65,36.0,60
화,노원구,12,50.65,52.0,68
화,노원구,13,60.79,64.5,85
화,노원구,14,62.15,64.0,80
화,노원구,15,58.46,62.0,78
화,노원구,16,48.37,51.0,68
화,노원구,17,26.77,26.0,41
화,노원구,18,13.65,13.0,24
화,노원구,19,7.88,8.0,14
화,노원구,20,4.33,4.0,9
화,노원구,21,3.06,3.0,8
화,노원구,22,1.79,2.0,5
화,노원구,23,1.44,1.0,5
화,도봉구,0,0.06,0.0,2
화,도봉구,1,0.12,0.0,1
화,도봉구,2,0.06,0.0,1
화,도봉구,3,0.02,0.0,1
화,도봉구,4,0.23,0.0,2
화,도봉구,5,1.21,1.0,3
화,도봉구,6,0.83,1.0,3
화,도봉구,7,4.04,4.0,10
화,도봉구,8,13.31,14.0,21
화,도봉구,9,16.35,17.0,27
화,도봉구,10,18.31,18.0,27
화,도봉구,11,14.83,14.0,26
화,도봉구,12,15.21,15.5,22
화,도봉구,13,13.04,13.0,22
화,도봉구,14,15.85,17.0,27
화,도봉구,15,16.52,17.0,24
화,도봉구,16,18.17,18.5,32
화,도봉구,17,8.83,9.0,18
화,도봉구,18,4.4,4.0,10
화,도봉구,19,2.25,2.0,7
화,도봉구,20,1.54,2.0,4
화,도봉구,21,0.56,0.0,2
화,도봉구,22,0.23,0.0,2
화,도봉구,23,0.1,0.0,1
화,동대문구,0,0.25,0.0,1
화,동대문구,1,0.13,0.0,2
화,동대문구,2,0.17,0.0,2
화,동대문구,3,0.06,0.0,1
화,동대문구,4,0.21,0.0,2
화,동대문구,5,0.17,0.0,2
화,동대문구,6,1.35,1.0,4
화,동대문구,7,9.77,10.0,16
화,동대문구,8,18.58,20.0,28
화,동대문구,9,14.94,16.0,24
화,동대문구,10,16.06,16.0,26
화,동대문구,11,16.58,17.0,25
화,동대문구,12,22.4,23.0,32
화,동대문구,13,14.54,14.5,25
화,동대문구,14,17.23,17.0,28
화,동대문구,15,14.46,14.0,24
화,동대문구,16,11.27,11.0,18
화,동대문구,17,8.42,9.0,13
화,동대문구,18,4.65,4.0,12
화,동대문구,19,1.94,2.0,5
화,동대문구,20,0.94,1.0,4
화,동대문구,21,1.48,1.0,5
화,동대문구,22,0.65,0.0,3
화,동대문구,23,0.65,1.0,2
화,동작구,0,0.15,0.0,1
화,동작구,1,0.08,0.0,1
화,동작구,2,0.04,0.0,1
화,동작구,3,0.1,0.0,1
화,동작구,4,0.37,0.0,1
화,동작구,5,1.58,2.0,3
화,동작구,6,0.63,0.0,2
화,동작구,7,7.85,8.0,11
화,동작구,8,13.54,14.0,21
화,동작구,9,10.31,10.5,17
화,동작구,10,13.75,14.0,22
화,동작구,11,15.46,16.0,26
화,동작구,12,14.65,15.0,21
화,동작구,13,11.19,11.0,20
화,동작구,14,14.85,15.0,23
화,동작구,15,12.81,13.0,23
화,동작구,16,8.71,9.0,18
화,동작구,17,5.23,5.0,11
화,동작구,18,3.08,3.0,7
화,동작구,19,3.63,4.0,9
화,동작구,20,1.17,1.0,4
화,동작구,21,0.98,1.0,3
화,동작구,22,1.06,1.0,3
화,동작구,23,0.4,0.0,3
화,마포구,0,0.08,0.0,1
화,마포구,1,0.04,0.0,1
화,마포구,2,0.04,0.0,1
화,마포구,3,0.0,0.0,0
화,마포구,4,0.5,0.5,1
화,마포구,5,0.56,1.0,2
화,마포구,6,0.65,0.0,3
화,마포구,7,12.31,13.0,19
화,마포구,8,18.1,19.0,26
화,마포구,9,19.75,20.5,30
화,마포구,10,22.1,22.5,35
화,마포구,11,21.17,22.0,30
화,마포구,12,28.0,30.0,47
화,마포구,13,30.69,32.0,50
화,마포구,14,33.5,36.0,47
화,마포구,15,30.27,31.0,47
화,마포구,16,19.06,19.0,30
화,마포구,17,12.94,13.0,21
화,마포구,18,12.9,12.5,25
화,마포구,19,5.87,6.0,12
화,마포구,20,1.25,1.0,5
화,마포구,21,1.52,2.0,4
화,마포구,22,1.46,1.0,5
화,마포구,23,0.21,0.0,2
화,서대문구,0,0.33,0.0,1
화,서대문구,1,0.21,0.0,1
화,서대문구,2,0.08,0.0,1
화,서대문구,3,0.0,0.0,0
화,서대문구,4,0.23,0.0,1
화,서대문구,5,0.92,1.0,2
화,서대문구,6,2.96,3.0,6
화,서대문구,7,13.42,13.0,19
화,서대문구,8,16.63,17.0,26
화,서대문구,9,21.65,23.0,32
화,서대문구,10,26.31,28.0,38
화,서대문구,11,21.56,21.5,31
화,서대문구,12,38.69,40.0,57
화,서대문구,13,31.87,33.5,46
화,서대문구,14,27.02,26.0,48
화,서대문구,15,20.02,21.0,31
화,서대문구,16,18.94,20.0,30
화,서대문구,17,20.12,20.5,30
화,서대문구,18,8.6,8.0,19
화,서대문구,19,2.69,3.0,11
화,서대문구,20,1.12,1.0,5
화,서대문구,21,1.29,1.0,5
화,서대문구,22,0.65,0.5,3
화,서대문구,23,0.25,0.0,2
화,서초구,0,0.04,0.0,1
화,서초구,1,0.13,0.0,2
화,서초구,2,0.4,0.0,2
화,서초구,3,0.1,0.0,1
화,서초구,4,0.1,0.0,1
화,서초구,5,0.19,0.0,1
화,서초구,6,0.13,0.0,2
화,서초구,7,2.75,3.0,8
화,서초구,8,8.33,8.0,16
화,서초구,9,9.4,9.0,17
화,서초구,10,10.33,10.0,17
화,서초구,11,9.38,10.0,16
화,서초구,12,13.81,14.0,22
화,서초구,13,12.0,12.5,20
화,서초구,14,10.46,10.5,22
화,서초구,15,10.5,11.0,18
화,서초구,16,8.23,8.0,16
화,서초구,17,7.37,7.0,12
화,서초구,18,5.31,6.0,10
화,서초구,19,4.13,4.0,9
화,서초구,20,1.85,2.0,4
화,서초구,21,1.0,1.0,3
화,서초구,22,0.81,1.0,3
화,서초구,23,0.42,0.0,2
화,성동구,0,0.06,0.0,2
화,성동구,1,0.06,0.0,1
화,성동구,2,0.02,0.0,1
화,성동구,3,0.17,0.0,1
화,성동구,4,0.33,0.0,2
화,성동구,5,0.08,0.0,1
화,성동구,6,0.75,1.0,2
화,성동구,7,3.21,3.0,7
화,성동구,8,9.67,10.0,16
화,성동구,9,6.29,6.0,13
화,성동구,10,7.79,8.0,13
화,성동구,11,10.02,9.0,20
화,성동구,12,12.0,12.0,19
화,성동구,13,12.5,13.0,23
화,성동구,14,8.83,9.0,19
화,성동구,15,6.85,7.0,12
화,성동구,16,9.46,9.5,15
화,성동구,17,9.06,10.0,18
화,성동구,18,3.88,3.0,11
화,성동구,19,1.35,1.0,6
화,성동구,20,0.87,1.0,5
화,성동구,21,0.56,0.0,3
화,성동구,22,0.5,0.0,2
화,성동구,23,0.27,0.0,2
화,성북구,0,0.06,0.0,1
화,성북구,1,0.08,0.0,1
화,성북구,2,0.04,0.0,1
화,성북구,3,0.06,0.0,1
화,성북구,4,0.12,0.0,2
화,성북구,5,0.54,1.0,1
화,성북구,6,0.48,0.0,3
화,성북구,7,11.31,12.0,18
화,성북구,8,16.46,17.0,26
화,성북구,9,14.69,16.0,23
화,성북구,10,14.06,14.0,21
화,성북구,11,12.6,13.0,19
화,성북구,12,17.15,18.5,26
화,성북구,13,15.15,16.0,24
화,성북구,14,12.38,13.0,20
화,성북구,15,14.12,13.5,24
화,성북구,16,11.56,12.0,18
화,성북구,17,8.25,8.0,13
화,성북구,18,6.19,6.0,12
화,성북구,19,1.92,2.0,5
화,성북구,20,1.44,1.0,4
화,성북구,21,0.79,1.0,3
화,성북구,22,0.31,0.0,2
화,성북구,23,0.15,0.0,2
화,송파구,0,0.19,0.0,2
화,송파구,1,0.06,0.0,1
화,송파구,2,0.02,0.0,1
화,송파구,3,0.12,0.0,2
화,송파구,4,0.04,0.0,1
화,송파구,5,0.35,0.0,2
화,송파구,6,0.65,1.0,3
화,송파구,7,10.94,11.0,17
화,송파구,8,12.63,13.5,20
화,송파구,9,12.02,12.5,18
화,송파구,10,16.9,17.0,24
화,송파구,11,12.5,13.0,20
화,송파구,12,21.65,21.0,35
화,송파구,13,21.33,22.0,30
화,송파구,14,16.23,18.0,22
화,송파구,15,11.81,12.0,20
화,송파구,16,10.31,11.0,16
화,송파구,17,8.9,9.0,16
화,송파구,18,5.54,6.0,12
화,송파구,19,3.15,3.0,7
화,송파구,20,1.88,2.0,5
화,송파구,21,1.46,1.5,4
화,송파구,22,0.96,1.0,4
화,송파구,23,0.71,0.0,3
화,양천구,0,0.12,0.0,2
화,양천구,1,0.06,0.0,1
화,양천구,2,0.06,0.0,1
화,양천구,3,0.04,0.0,1
화,양천구,4,0.21,0.0,2
화,양천구,5,0.48,0.0,2
화,양천구,6,0.19,0.0,2
화,양천구,7,5.62,6.0,9
화,양천구,8,11.52,12.0,18
화,양천구,9,14.54,15.0,23
화,양천구,10,16.06,16.5,27
화,양천구,11,15.9,16.0,24
화,양천구,12,26.21,28.0,35
화,양천구,13,20.58,21.0,33
화,양천구,14,16.85,17.0,25
화,양천구,15,15.29,16.0,24
화,양천구,16,9.13,9.0,16
화,양천구,17,8.06,8.0,13
화,양천구,18,5.25,5.0,11
화,양천구,19,2.54,2.0,6
화,양천구,20,0.88,1.0,3
화,양천구,21,0.62,0.0,3
화,양천구,22,0.92,1.0,4
화,양천구,23,0.4,0.0,1
화,영등포구,0,0.5,0.0,3
화,영등포구,1,0.12,0.0,1
화,영등포구,2,0.13,0.0,1
화,영등포구,3,0.04,0.0,1
화,영등포구,4,0.02,0.0,1
화,영등포구,5,0.21,0.0,2
화,영등포구,6,0.96,1.0,2
화,영등포구,7,8.35,9.0,15
화,영등포구,8,9.62,9.5,18
화,영등포구,9,10.13,11.0,19
화,영등포구,10,16.52,17.0,25
화,영등포구,11,16.06,16.0,25
화,영등포구,12,20.98,21.5,29
화,영등포구,13,17.13,18.0,25
화,영등포구,14,17.69,18.0,29
화,영등포구,15,17.85,18.0,28
화,영등포구,16,20.4,21.0,38
화,영등포구,17,14.0,14.0,28
화,영등포구,18,8.87,8.5,20
화,영등포구,19,4.4,4.0,10
화,영등포구,20,1.46,1.0,7
화,영등포구,21,1.25,1.0,6
화,영등포구,22,0.96,1.0,3
화,영등포구,23,0.44,0.0,3
화,용산구,0,0.25,0.0,4
화,용산구,1,0.04,0.0,1
화,용산구,2,0.13,0.0,2
화,용산구,3,0.04,0.0,1
화,용산구,4,0.02,0.0,1
화,용산구,5,0.02,0.0,1
화,용산구,6,1.06,1.0,3
화,용산구,7,6.04,6.0,12
화,용산구,8,7.35,7.0,13
화,용산구,9,7.04,8.0,13
화,용산구,10,6.92,7.0,13
화,용산구,11,8.15,7.5,16
화,용산구,12,10.21,11.0,17
화,용산구,13,7.92,8.0,14
화,용산구,14,5.46,5.0,12
화,용산구,15,4.75,4.5,10
화,용산구,16,3.4,3.0,8
화,용산구,17,2.9,3.0,7
화,용산구,18,2.1,2.0,5
화,용산구,19,1.9,2.0,5
화,용산구,20,1.63,1.0,5
화,용산구,21,1.83,2.0,5
화,용산구,22,1.65,1.0,6
화,용산구,23,0.31,0.0,2
화,은평구,0,0.08,0.0,2
화,은평구,1,0.08,0.0,1
화,은평구,2,0.02,0.0,1
화,은평구,3,0.06,0.0,1
화,은평구,4,0.54,0.0,2
화,은평구,5,0.69,0.5,3
화,은평구,6,1.12,1.0,4
화,은평구,7,10.63,11.5,17
화,은평구,8,22.67,23.0,32
화,은평구,9,25.63,27.0,40
화,은평구,10,24.63,26.0,35
화,은평구,11,21.13,20.5,35
화,은평구,12,24.04,25.0,36
화,은평구,13,19.46,20.0,33
화,은평구,14,20.94,22.0,28
화,은평구,15,20.81,21.0,32
화,은평구,16,15.4,16.0,27
화,은평구,17,10.81,11.5,18
화,은평구,18,7.94,8.0,16
화,은평구,19,3.38,3.0,10
화,은평구,20,2.69,2.5,7
화,은평구,21,1.4,1.0,4
화,은평구,22,0.69,1.0,3
화,은평구,23,0.35,0.0,3
화,종로구,0,0.13,0.0,1
화,종로구,1,0.19,0.0,3
화,종로구,2,0.08,0.0,1
화,종로구,3,0.04,0.0,1
화,종로구,4,0.08,0.0,1
화,종로구,5,0.04,0.0,1
화,종로구,6,0.06,0.0,1
화,종로구,7,3.81,4.0,7
화,종로구,8,6.77,7.0,11
화,종로구,9,5.4,6.0,9
화,종로구,10,6.87,7.0,13
화,종로구,11,9.96,10.0,17
화,종로구,12,15.75,16.0,26
화,종로구,13,14.87,15.0,27
화,종로구,14,18.4,19.0,29
화,종로구,15,11.38,11.0,22
화,종로구,16,10.12,10.0,20
화,종로구,17,7.9,8.0,14
화,종로구,18,9.69,9.0,16
화,종로구,19,5.44,5.0,14
화,종로구,20,2.0,2.0,6
화,종로구,21,1.63,2.0,5
화,종로구,22,1.63,2.0,5
화,종로구,23,0.58,0.0,3
화,중구,0,0.17,0.0,3
화,중구,1,0.06,0.0,1
화,중구,2,0.02,0.0,1
화,중구,3,0.12,0.0,1
화,중구,4,0.08,0.0,1
화,중구,5,0.06,0.0,1
화,중구,6,0.04,0.0,1
화,중구,7,1.71,1.5,6
화,중구,8,3.58,4.0,7
화,중구,9,4.85,5.0,10
화,중구,10,6.65,7.0,14
화,중구,11,4.48,4.0,10
화,중구,12,6.56,6.5,12
화,중구,13,6.12,6.0,11
화,중구,14,5.21,5.0,11
화,중구,15,5.1,5.0,10
화,중구,16,4.75,5.0,11
화,중구,17,3.29,3.0,7
화,중구,18,3.75,4.0,8
화,중구,19,2.62,2.0,7
화,중구,20,1.46,1.0,5
화,중구,21,1.33,1.0,5
화,중구,22,0.69,0.0,3
화,중구,23,0.56,0.0,2
화,중랑구,0,0.1,0.0,2
화,중랑구,1,0.08,0.0,1
화,중랑구,2,0.1,0.0,1
화,중랑구,3,0.62,1.0,1
화,중랑구,4,0.19,0.0,1
화,중랑구,5,0.44,0.0,1
화,중랑구,6,1.13,1.0,3
화,중랑구,7,11.08,11.0,21
화,중랑구,8,11.94,12.0,18
화,중랑구,9,15.02,16.0,23
화,중랑구,10,21.52,21.5,34
화,중랑구,11,14.35,14.0,27
화,중랑구,12,25.02,25.5,37
화,중랑구,13,20.88,21.5,30
화,중랑구,14,19.6,20.5,29
화,중랑구,15,13.52,13.0,25
화,중랑구,16,17.31,19.0,25
화,중랑구,17,11.58,11.0,23
화,중랑구,18,5.29,5.0,10
화,중랑구,19,3.1,3.0,11
화,중랑구,20,2.33,2.0,8
화,중랑구,21,1.29,1.0,4
화,중랑구,22,0.83,1.0,3
화,중랑구,23,0.29,0.0,2
수,강남구,0,0.23,0.0,1
수,강남구,1,0.09,0.0,1
수,강남구,2,0.13,0.0,2
수,강남구,3,0.06,0.0,1
수,강남구,4,0.34,0.0,2
수,강남구,5,0.4,0.0,2
수,강남구,6,0.55,0.0,2
수,강남구,7,7.43,8.0,14
수,강남구,8,10.77,11.0,17
수,강남구,9,11.3,11.0,18
수,강남구,10,13.08,13.0,20
수,강남구,11,15.08,15.0,26
수,강남구,12,17.43,18.0,29
수,강남구,13,18.23,18.0,32
수,강남구,14,17.96,18.0,29
수,강남구,15,11.28,11.0,20
수,강남구,16,10.72,11.0,16
수,강남구,17,7.43,7.0,14
수,강남구,18,6.13,6.0,12
수,강남구,19,3.92,4.0,8
수,강남구,20,1.7,2.0,4
수,강남구,21,1.0,1.0,5
수,강남구,22,1.3,1.0,5
수,강남구,23,0.7,1.0,2
수,강동구,0,0.26,0.0,3
수,강동구,1,0.25,0.0,2
수,강동구,2,0.23,0.0,2
수,강동구,3,0.17,0.0,2
수,강동구,4,0.72,1.0,2
수,강동구,5,1.91,2.0,3
수,강동구,6,1.15,1.0,4
수,강동구,7,10.7,11.0,17
수,강동구,8,16.28,16.0,25
수,강동구,9,18.87,19.0,31
수,강동구,10,35.13,36.0,46
수,강동구,11,27.53,28.0,39
수,강동구,12,31.51,32.0,41
수,강동구,13,31.25,32.0,46
수,강동구,14,29.89,31.0,43
수,강동구,15,25.81,27.0,36
수,강동구,16,18.06,18.0,31
수,강동구,17,14.47,14.0,24
수,강동구,18,5.79,6.0,12
수,강동구,19,3.06,3.0,7
수,강동구,20,2.08,2.0,5
수,강동구,21,1.17,1.0,4
수,강동구,22,0.81,1.0,3
수,강동구,23,0.49,0.0,2
수,강북구,0,0.11,0.0,1
수,강북구,1,0.11,0.0,1
수,강북구,2,0.13,0.0,2
수,강북구,3,0.26,0.0,2
수,강북구,4,0.6,1.0,2
수,강북구,5,0.42,0.0,2
수,강북구,6,2.0,2.0,5
수,강북구,7,12.36,13.0,18
수,강북구,8,10.53,11.0,17
수,강북구,9,12.45,13.0,20
수,강북구,10,14.06,14.0,21
수,강북구,11,15.68,16.0,25
수,강북구,12,16.43,17.0,25
수,강북구,13,14.25,14.0,21
수,강북구,14,15.32,16.0,23
수,강북구,15,12.23,12.0,20
수,강북구,16,7.68,8.0,16
수,강북구,17,5.21,5.0,12
수,강북구,18,3.26,3.0,7
수,강북구,19,3.02,3.0,7
수,강북구,20,1.79,1.0,5
수,강북구,21,1.0,1.0,4
수,강북구,22,0.6,0.0,4
수,강북구,23,0.19,0.0,2
수,강서구,0,0.43,0.0,2
수,강서구,1,0.15,0.0,2
수,강서구,2,0.28,0.0,3
수,강서구,3,0.3,0.0,2
수,강서구,4,0.79,1.0,2
수,강서구,5,0.17,0.0,2
수,강서구,6,2.51,2.0,6
수,강서구,7,13.72,14.0,20
수,강서구,8,20.19,21.0,30
수,강서구,9,28.92,30.0,46
수,강서구,10,31.74,31.0,48
수,강서구,11,31.0,33.0,41
수,강서구,12,33.28,34.0,49
수,강서구,13,28.89,30.0,46
수,강서구,14,28.77,30.0,45
수,강서구,15,27.53,29.0,44
수,강서구,16,24.55,26.0,32
수,강서구,17,16.94,17.0,24
수,강서구,18,10.94,11.0,19
수,강서구,19,5.13,5.0,10
수,강서구,20,3.17,3.0,9
수,강서구,21,1.64,1.0,5
수,강서구,22,1.15,1.0,5
수,강서구,23,0.7,1.0,3
수,관악구,0,0.13,0.0,2
수,관악구,1,0.28,0.0,2
수,관악구,2,0.42,0.0,2
수,관악구,3,0.21,0.0,1
수,관악구,4,0.28,0.0,2
수,관악구,5,0.77,1.0,2
수,관악구,6,2.26,2.0,6
수,관악구,7,9.64,10.0,17
수,관악구,8,13.4,14.0,22
수,관악구,9,17.81,18.0,28
수,관악구,10,12.92,13.0,19
수,관악구,11,14.87,15.0,24
수,관악구,12,23.42,25.0,33
수,관악구,13,18.13,20.0,27
수,관악구,14,17.89,19.0,25
수,관악구,15,13.98,14.0,25
수,관악구,16,8.92,9.0,17
수,관악구,17,5.94,6.0,11
수,관악구,18,3.53,3.0,9
수,관악구,19,2.21,2.0,8
수,관악구,20,1.02,1.0,5
수,관악구,21,1.09,1.0,4
수,관악구,22,0.62,1.0,2
수,관악구,23,0.17,0.0,2
수,광진구,0,0.08,0.0,1
수,광진구,1,0.02,0.0,1
수,광진구,2,0.02,0.0,1
수,광진구,3,0.04,0.0,1
수,광진구,4,0.04,0.0,1
수,광진구,5,0.0,0.0,0
수,광진구,6,1.02,1.0,2
수,광진구,7,5.6,6.0,11
수,광진구,8,7.7,8.0,12
수,광진구,9,11.7,12.0,18
수,광진구,10,13.68,14.0,19
수,광진구,11,11.77,11.0,19
수,광진구,12,14.94,15.0,22
수,광진구,13,11.72,12.0,19
수,광진구,14,14.26,15.0,21
수,광진구,15,11.92,12.0,23
수,광진구,16,11.64,12.0,21
수,광진구,17,9.32,9.0,16
수,광진구,18,4.06,4.0,9
수,광진구,19,2.17,2.0,7
수,광진구,20,1.62,1.0,5
수,광진구,21,1.08,1.0,3
수,광진구,22,0.7,1.0,3
수,광진구,23,0.19,0.0,2
수,구로구,0,0.06,0.0,2
수,구로구,1,0.08,0.0,1
수,구로구,2,0.0,0.0,0
수,구로구,3,0.0,0.0,0
수,구로구,4,0.26,0.0,1
수,구로구,5,0.19,0.0,1
수,구로구,6,1.32,1.0,4
수,구로구,7,7.32,7.0,12
수,구로구,8,13.3,14.0,21
수,구로구,9,17.45,18.0,24
수,구로구,10,18.15,17.0,33
수,구로구,11,13.51,14.0,25
수,구로구,12,22.08,23.0,32
수,구로구,13,18.23,19.0,31
수,구로구,14,13.15,13.0,23
수,구로구,15,11.57,11.0,19
수,구로구,16,10.11,10.0,17
수,구로구,17,6.85,7.0,13
수,구로구,18,3.66,3.0,8
수,구로구,19,2.7,3.0,6
수,구로구,20,1.58,1.0,5
수,구로구,21,2.34,2.0,7
수,구로구,22,1.68,1.0,6
수,구로구,23,0.32,0.0,2
수,금천구,0,0.08,0.0,1
수,금천구,1,0.04,0.0,1
수,금천구,2,0.0,0.0,0
수,금천구,3,0.08,0.0,1
수,금천구,4,0.3,0.0,2
수,금천구,5,0.51,0.0,3
수,금천구,6,1.85,2.0,4
수,금천구,7,5.81,6.0,10
수,금천구,8,4.79,5.0,10
수,금천구,9,5.91,6.0,9
수,금천구,10,7.36,7.0,13
수,금천구,11,6.64,6.0,13
수,금천구,12,9.13,9.0,15
수,금천구,13,9.45,9.0,19
수,금천구,14,5.81,5.0,11
수,금천구,15,5.3,5.0,10
수,금천구,16,3.57,3.0,7
수,금천구,17,2.91,3.0,9
수,금천구,18,3.51,4.0,8
수,금천구,19,2.32,2.0,6
수,금천구,20,0.85,1.0,4
수,금천구,21,0.32,0.0,3
수,금천구,22,0.34,0.0,2
수,금천구,23,0.13,0.0,1
수,노원구,0,0.77,1.0,3
수,노원구,1,0.26,0.0,2
수,노원구,2,0.21,0.0,1
수,노원구,3,0.04,0.0,1
수,노원구,4,1.15,1.0,2
수,노원구,5,0.28,0.0,2
수,노원구,6,1.55,2.0,3
수,노원구,7,19.26,20.0,29
수,노원구,8,33.13,36.0,46
수,노원구,9,48.87,53.0,65
수,노원구,10,51.81,51.0,75
수,노원구,11,39.81,41.0,56
수,노원구,12,58.19,59.0,79
수,노원구,13,53.58,56.0,78
수,노원구,14,62.23,67.0,81
수,노원구,15,57.98,62.0,80
수,노원구,16,43.58,45.0,59
수,노원구,17,27.36,29.0,43
수,노원구,18,12.36,12.0,22
수,노원구,19,7.64,8.0,13
수,노원구,20,3.81,4.0,9
수,노원구,21,1.68,1.0,5
수,노원구,22,1.85,2.0,5
수,노원구,23,1.38,1.0,4
수,도봉구,0,0.06,0.0,1
수,도봉구,1,0.04,0.0,1
수,도봉구,2,0.08,0.0,1
수,도봉구,3,0.15,0.0,1
수,도봉구,4,0.42,0.0,1
수,도봉구,5,1.09,1.0,2
수,도봉구,6,2.45,2.0,4
수,도봉구,7,5.38,5.0,12
수,도봉구,8,16.83,17.0,24
수,도봉구,9,14.53,14.0,23
수,도봉구,10,17.19,18.0,24
수,도봉구,11,10.15,10.0,17
수,도봉구,12,13.4,14.0,24
수,도봉구,13,14.36,14.0,24
수,도봉구,14,15.6,16.0,24
수,도봉구,15,15.53,16.0,23
수,도봉구,16,15.55,16.0,23
수,도봉구,17,7.36,8.0,14
수,도봉구,18,5.32,5.0,17
수,도봉구,19,2.26,2.0,6
수,도봉구,20,1.23,1.0,3
수,도봉구,21,0.49,0.0,2
수,도봉구,22,0.25,0.0,2
수,도봉구,23,0.08,0.0,1
수,동대문구,0,0.3,0.0,2
수,동대문구,1,0.34,0.0,2
수,동대문구,2,0.09,0.0,2
수,동대문구,3,0.04,0.0,1
수,동대문구,4,0.64,1.0,1
수,동대문구,5,0.62,1.0,2
수,동대문구,6,0.91,1.0,3
수,동대문구,7,9.7,10.0,14
수,동대문구,8,16.94,18.0,25
수,동대문구,9,16.32,16.0,23
수,동대문구,10,15.87,16.0,24
수,동대문구,11,19.09,20.0,27
수,동대문구,12,23.06,23.0,34
수,동대문구,13,15.58,15.0,27
수,동대문구,14,15.77,16.0,23
수,동대문구,15,15.68,16.0,26
수,동대문구,16,12.53,13.0,21
수,동대문구,17,7.26,7.0,14
수,동대문구,18,5.19,5.0,11
수,동대문구,19,1.87,2.0,5
수,동대문구,20,1.26,1.0,6
수,동대문구,21,1.75,2.0,4
수,동대문구,22,0.79,1.0,3
수,동대문구,23,0.55,0.0,2
수,동작구,0,0.17,0.0,2
수,동작구,1,0.06,0.0,1
수,동작구,2,0.08,0.0,1
수,동작구,3,0.02,0.0,1
수,동작구,4,0.49,0.0,1
수,동작구,5,0.74,1.0,2
수,동작구,6,0.04,0.0,1
수,동작구,7,3.85,4.0,9
수,동작구,8,12.38,13.0,21
수,동작구,9,11.51,12.0,21
수,동작구,10,11.75,12.0,20
수,동작구,11,14.42,15.0,23
수,동작구,12,15.98,16.0,24
수,동작구,13,14.25,14.0,38
수,동작구,14,19.85,20.0,33
수,동작구,15,11.81,12.0,18
수,동작구,16,10.53,10.0,20
수,동작구,17,5.74,6.0,10
수,동작구,18,3.96,4.0,9
수,동작구,19,2.66,2.0,8
수,동작구,20,0.89,1.0,3
수,동작구,21,0.81,1.0,4
수,동작구,22,0.47,0.0,3
수,동작구,23,0.17,0.0,2
수,마포구,0,0.15,0.0,2
수,마포구,1,0.06,0.0,1
수,마포구,2,0.02,0.0,1
수,마포구,3,0.43,0.0,1
수,마포구,4,1.49,1.0,3
수,마포구,5,0.92,1.0,3
수,마포구,6,0.7,1.0,3
수,마포구,7,13.64,14.0,21
수,마포구,8,20.15,21.0,29
수,마포구,9,19.23,20.0,28
수,마포구,10,19.47,20.0,30
수,마포구,11,19.3,20.0,30
수,마포구,12,29.77,30.0,50
수,마포구,13,31.6,34.0,52
수,마포구,14,40.28,44.0,64
수,마포구,15,25.21,27.0,38
수,마포구,16,17.49,17.0,35
수,마포구,17,12.42,13.0,19
수,마포구,18,10.87,11.0,21
수,마포구,19,6.38,6.0,13
수,마포구,20,1.28,1.0,6
수,마포구,21,0.81,1.0,4
수,마포구,22,0.81,1.0,3
수,마포구,23,0.19,0.0,2
수,서대문구,0,0.32,0.0,1
수,서대문구,1,0.28,0.0,2
수,서대문구,2,0.06,0.0,1
수,서대문구,3,0.08,0.0,1
수,서대문구,4,0.04,0.0,1
수,서대문구,5,0.08,0.0,1
수,서대문구,6,2.74,3.0,7
수,서대문구,7,12.21,13.0,19
수,서대문구,8,17.11,18.0,25
수,서대문구,9,21.53,22.0,32
수,서대문구,10,32.89,35.0,47
수,서대문구,11,22.23,23.0,35
수,서대문구,12,35.64,37.0,48
수,서대문구,13,27.32,29.0,37
수,서대문구,14,30.42,31.0,46
수,서대문구,15,25.28,27.0,41
수,서대문구,16,23.96,24.0,35
수,서대문구,17,20.08,21.0,34
수,서대문구,18,10.3,10.0,21
수,서대문구,19,3.85,3.0,13
수,서대문구,20,1.11,1.0,3
수,서대문구,21,0.91,1.0,4
수,서대문구,22,0.64,0.0,4
수,서대문구,23,0.3,0.0,1
수,서초구,0,0.11,0.0,1
수,서초구,1,0.17,0.0,2
수,서초구,2,0.38,0.0,2
수,서초구,3,0.06,0.0,1
수,서초구,4,0.06,0.0,1
수,서초구,5,0.08,0.0,2
수,서초구,6,0.08,0.0,1
수,서초구,7,5.3,5.0,9
수,서초구,8,7.4,7.0,12
수,서초구,9,8.57,9.0,14
수,서초구,10,9.89,10.0,17
수,서초구,11,7.77,8.0,15
수,서초구,12,17.11,17.0,26
수,서초구,13,12.26,12.0,22
수,서초구,14,11.15,12.0,17
수,서초구,15,11.83,12.0,24
수,서초구,16,7.53,8.0,12
수,서초구,17,6.77,7.0,13
수,서초구,18,7.21,7.0,17
수,서초구,19,4.21,4.0,9
수,서초구,20,1.92,2.0,5
수,서초구,21,1.58,2.0,4
수,서초구,22,1.08,1.0,4
수,서초구,23,0.43,0.0,2
수,성동구,0,0.09,0.0,1
수,성동구,1,0.02,0.0,1
수,성동구,2,0.04,0.0,1
수,성동구,3,0.04,0.0,1
수,성동구,4,0.06,0.0,1
수,성동구,5,0.17,0.0,1
수,성동구,6,1.25,1.0,2
수,성동구,7,5.6,5.0,10
수,성동구,8,12.57,13.0,19
수,성동구,9,8.08,7.0,17
수,성동구,10,7.53,7.0,14
수,성동구,11,7.89,8.0,13
수,성동구,12,13.06,12.0,22
수,성동구,13,12.49,13.0,22
수,성동구,14,9.72,10.0,19
수,성동구,15,7.94,8.0,16
수,성동구,16,8.21,9.0,17
수,성동구,17,8.11,9.0,14
수,성동구,18,4.79,5.0,11
수,성동구,19,1.53,1.0,4
수,성동구,20,1.08,1.0,4
수,성동구,21,0.92,1.0,4
수,성동구,22,0.55,0.0,2
수,성동구,23,0.15,0.0,1
수,성북구,0,0.19,0.0,2
수,성북구,1,0.11,0.0,1
수,성북구,2,0.04,0.0,1
수,성북구,3,0.08,0.0,1
수,성북구,4,0.15,0.0,2
수,성북구,5,0.11,0.0,2
수,성북구,6,0.94,1.0,3
수,성북구,7,12.49,13.0,19
수,성북구,8,16.62,17.0,25
수,성북구,9,16.47,17.0,24
수,성북구,10,15.85,16.0,26
수,성북구,11,10.45,11.0,16
수,성북구,12,16.49,17.0,26
수,성북구,13,15.79,16.0,25
수,성북구,14,10.49,11.0,19
수,성북구,15,12.42,13.0,22
수,성북구,16,12.81,13.0,22
수,성북구,17,8.13,8.0,14
수,성북구,18,5.6,5.0,10
수,성북구,19,1.83,2.0,7
수,성북구,20,1.09,1.0,3
수,성북구,21,0.85,1.0,3
수,성북구,22,0.34,0.0,2
수,성북구,23,0.3,0.0,3
수,송파구,0,0.17,0.0,2
수,송파구,1,0.13,0.0,1
수,송파구,2,0.08,0.0,1
수,송파구,3,0.08,0.0,1
수,송파구,4,1.42,1.0,3
수,송파구,5,0.7,1.0,2
수,송파구,6,0.75,1.0,3
수,송파구,7,10.89,11.0,18
수,송파구,8,11.47,12.0,19
수,송파구,9,12.15,13.0,22
수,송파구,10,18.53,18.0,28
수,송파구,11,14.64,15.0,23
수,송파구,12,19.08,20.0,28
수,송파구,13,16.72,17.0,25
수,송파구,14,17.96,19.0,28
수,송파구,15,14.53,15.0,25
수,송파구,16,12.49,13.0,19
수,송파구,17,9.87,11.0,16
수,송파구,18,5.83,6.0,12
수,송파구,19,2.92,3.0,9
수,송파구,20,2.0,2.0,8
수,송파구,21,1.58,1.0,4
수,송파구,22,1.08,1.0,4
수,송파구,23,0.45,0.0,3
수,양천구,0,0.13,0.0,1
수,양천구,1,0.08,0.0,1
수,양천구,2,0.02,0.0,1
수,양천구,3,0.04,0.0,1
수,양천구,4,0.25,0.0,1
수,양천구,5,2.08,2.0,4
수,양천구,6,0.7,1.0,3
수,양천구,7,6.91,7.0,13
수,양천구,8,11.7,11.0,17
수,양천구,9,13.72,14.0,23
수,양천구,10,22.6,22.0,32
수,양천구,11,16.19,17.0,24
수,양천구,12,22.64,24.0,33
수,양천구,13,18.92,19.0,29
수,양천구,14,16.4,16.0,25
수,양천구,15,12.87,13.0,18
수,양천구,16,7.96,8.0,14
수,양천구,17,6.89,7.0,12
수,양천구,18,6.34,6.0,12
수,양천구,19,2.15,2.0,6
수,양천구,20,0.6,0.0,3
수,양천구,21,0.32,0.0,2
수,양천구,22,1.13,1.0,5
수,양천구,23,0.43,0.0,3
수,영등포구,0,0.42,0.0,2
수,영등포구,1,0.11,0.0,2
수,영등포구,2,0.13,0.0,1
수,영등포구,3,0.08,0.0,1
수,영등포구,4,0.23,0.0,1
수,영등포구,5,0.17,0.0,1
수,영등포구,6,0.3,0.0,3
수,영등포구,7,9.42,10.0,15
수,영등포구,8,9.47,10.0,16
수,영등포구,9,10.98,11.0,19
수,영등포구,10,11.55,11.0,18
수,영등포구,11,18.85,19.0,32
수,영등포구,12,24.4,25.0,35
수,영등포구,13,14.66,15.0,26
수,영등포구,14,14.58,15.0,24
수,영등포구,15,17.85,19.0,28
수,영등포구,16,17.47,18.0,32
수,영등포구,17,11.94,12.0,22
수,영등포구,18,8.19,9.0,14
수,영등포구,19,4.19,4.0,17
수,영등포구,20,2.92,3.0,8
수,영등포구,21,4.32,4.0,10
수,영등포구,22,2.26,2.0,7
수,영등포구,23,0.47,0.0,3
수,용산구,0,0.21,0.0,2
수,용산구,1,0.04,0.0,1
수,용산구,2,0.06,0.0,2
수,용산구,3,0.04,0.0,1
수,용산구,4,0.02,0.0,1
수,용산구,5,0.06,0.0,1
수,용산구,6,0.85,1.0,3
수,용산구,7,6.98,7.0,11
수,용산구,8,7.53,8.0,12
수,용산구,9,7.34,8.0,13
수,용산구,10,7.77,7.0,13
수,용산구,11,8.28,8.0,15
수,용산구,12,10.08,11.0,19
수,용산구,13,8.21,8.0,16
수,용산구,14,8.89,9.0,18
수,용산구,15,5.79,6.0,11
수,용산구,16,3.6,3.0,9
수,용산구,17,2.79,3.0,9
수,용산구,18,1.75,1.0,6
수,용산구,19,1.77,2.0,5
수,용산구,20,0.94,1.0,7
수,용산구,21,1.06,1.0,3
수,용산구,22,0.75,1.0,4
수,용산구,23,0.43,0.0,2
수,은평구,0,0.09,0.0,1
수,은평구,1,0.02,0.0,1
수,은평구,2,0.02,0.0,1
수,은평구,3,0.02,0.0,1
수,은평구,4,0.47,0.0,2
수,은평구,5,0.83,1.0,3
수,은평구,6,1.64,1.0,4
수,은평구,7,11.32,12.0,16
수,은평구,8,23.17,24.0,33
수,은평구,9,20.83,21.0,33
수,은평구,10,22.25,22.0,31
수,은평구,11,22.83,23.0,38
수,은평구,12,27.21,28.0,41
수,은평구,13,23.6,25.0,33
수,은평구,14,19.68,20.0,32
수,은평구,15,22.7,23.0,33
수,은평구,16,16.45,17.0,26
수,은평구,17,11.06,11.0,20
수,은평구,18,8.02,8.0,15
수,은평구,19,3.66,4.0,12
수,은평구,20,3.19,3.0,7
수,은평구,21,1.11,1.0,5
수,은평구,22,0.57,0.0,3
수,은평구,23,0.42,0.0,2
수,종로구,0,0.28,0.0,3
수,종로구,1,0.19,0.0,2
수,종로구,2,0.08,0.0,2
수,종로구,3,0.04,0.0,1
수,종로구,4,0.02,0.0,1
수,종로구,5,0.0,0.0,0
수,종로구,6,0.04,0.0,1
수,종로구,7,3.74,4.0,8
수,종로구,8,8.25,9.0,14
수,종로구,9,7.0,7.0,15
수,종로구,10,9.62,10.0,19
수,종로구,11,11.09,12.0,17
수,종로구,12,13.6,14.0,25
수,종로구,13,13.53,14.0,23
수,종로구,14,16.83,17.0,25
수,종로구,15,10.66,10.0,20
수,종로구,16,8.87,9.0,18
수,종로구,17,9.26,9.0,18
수,종로구,18,8.15,8.0,17
수,종로구,19,4.23,4.0,14
수,종로구,20,1.85,2.0,4
수,종로구,21,1.89,2.0,4
수,종로구,22,1.51,1.0,4
수,종로구,23,0.91,1.0,3
수,중구,0,0.47,0.0,2
수,중구,1,0.19,0.0,1
수,중구,2,0.17,0.0,1
수,중구,3,0.04,0.0,1
수,중구,4,0.06,0.0,2
수,중구,5,0.0,0.0,0
수,중구,6,0.06,0.0,2
수,중구,7,2.36,2.0,7
수,중구,8,3.83,4.0,8
수,중구,9,5.51,5.0,11
수,중구,10,5.09,5.0,9
수,중구,11,4.85,5.0,10
수,중구,12,9.15,9.0,15
수,중구,13,6.89,7.0,13
수,중구,14,4.92,5.0,11
수,중구,15,4.38,4.0,13
수,중구,16,3.6,4.0,11
수,중구,17,4.62,5.0,11
수,중구,18,4.32,5.0,10
수,중구,19,2.42,2.0,7
수,중구,20,1.89,2.0,5
수,중구,21,1.19,1.0,5
수,중구,22,0.79,1.0,3
수,중구,23,0.4,0.0,3
수,중랑구,0,0.11,0.0,3
수,중랑구,1,0.06,0.0,1
수,중랑구,2,0.08,0.0,1
수,중랑구,3,0.04,0.0,2
수,중랑구,4,0.45,0.0,2
수,중랑구,5,0.7,1.0,2
수,중랑구,6,0.38,0.0,2
수,중랑구,7,9.11,9.0,18
수,중랑구,8,11.57,12.0,19
수,중랑구,9,16.75,17.0,32
수,중랑구,10,20.98,21.0,30
수,중랑구,11,14.68,15.0,26
수,중랑구,12,20.72,21.0,31
수,중랑구,13,18.6,19.0,30
수,중랑구,14,15.36,15.0,28
수,중랑구,15,13.55,14.0,23
수,중랑구,16,14.25,14.0,25
수,중랑구,17,10.49,10.0,22
수,중랑구,18,5.77,5.0,12
수,중랑구,19,2.96,3.0,6
수,중랑구,20,2.34,2.0,8
수,중랑구,21,1.7,2.0,5
수,중랑구,22,1.06,1.0,5
수,중랑구,23,0.4,0.0,2
목,강남구,0,0.44,0.0,2
목,강남구,1,0.1,0.0,1
목,강남구,2,0.13,0.0,1
목,강남구,3,0.15,0.0,1
목,강남구,4,0.6,0.0,2
목,강남구,5,1.29,1.0,3
목,강남구,6,0.15,0.0,1
목,강남구,7,6.58,7.0,10
목,강남구,8,10.98,11.0,19
목,강남구,9,11.13,11.0,17
목,강남구,10,14.06,14.5,23
목,강남구,11,14.25,14.5,25
목,강남구,12,18.5,19.0,27
목,강남구,13,18.46,19.0,28
목,강남구,14,15.71,16.0,23
목,강남구,15,11.19,11.0,18
목,강남구,16,11.04,11.5,21
목,강남구,17,6.17,5.5,16
목,강남구,18,6.69,7.0,12
목,강남구,19,4.02,4.0,15
목,강남구,20,1.9,2.0,5
목,강남구,21,1.12,1.0,4
목,강남구,22,1.1,1.0,4
목,강남구,23,0.4,0.0,2
목,강동구,0,0.33,0.0,2
목,강동구,1,0.25,0.0,3
목,강동구,2,0.23,0.0,2
목,강동구,3,0.15,0.0,2
목,강동구,4,0.27,0.0,2
목,강동구,5,0.81,1.0,3
목,강동구,6,1.87,2.0,5
목,강동구,7,10.62,11.0,19
목,강동구,8,18.79,20.0,28
목,강동구,9,21.12,22.0,34
목,강동구,10,30.46,31.5,43
목,강동구,11,28.92,30.5,39
목,강동구,12,28.69,30.0,38
목,강동구,13,29.98,31.0,41
목,강동구,14,34.13,35.0,48
목,강동구,15,21.46,23.0,32
목,강동구,16,17.48,18.0,28
목,강동구,17,12.19,12.5,25
목,강동구,18,5.4,5.0,13
목,강동구,19,3.12,3.0,8
목,강동구,20,1.71,1.0,7
목,강동구,21,0.92,1.0,4
목,강동구,22,0.9,1.0,3
목,강동구,23,0.58,0.0,3
목,강북구,0,0.12,0.0,1
목,강북구,1,0.08,0.0,1
목,강북구,2,0.27,0.0,2
목,강북구,3,0.27,0.0,1
목,강북구,4,0.23,0.0,2
목,강북구,5,0.75,1.0,3
목,강북구,6,1.35,1.0,3
목,강북구,7,9.08,10.0,15
목,강북구,8,11.1,11.0,19
목,강북구,9,10.48,11.0,20
목,강북구,10,13.9,14.0,20
목,강북구,11,13.79,14.0,24
목,강북구,12,15.44,16.0,24
목,강북구,13,11.77,11.0,27
목,강북구,14,15.85,16.0,29
목,강북구,15,12.33,12.5,19
목,강북구,16,6.56,6.0,13
목,강북구,17,5.4,5.0,10
목,강북구,18,3.88,4.0,9
목,강북구,19,3.73,4.0,7
목,강북구,20,1.77,2.0,6
목,강북구,21,1.25,1.0,5
목,강북구,22,0.46,0.0,3
목,강북구,23,0.23,0.0,3
목,강서구,0,0.13,0.0,2
목,강서구,1,0.17,0.0,1
목,강서구,2,0.25,0.0,2
목,강서구,3,0.4,0.0,2
목,강서구,4,1.21,1.0,3
목,강서구,5,1.52,1.0,4
목,강서구,6,1.94,2.0,5
목,강서구,7,13.12,13.0,25
목,강서구,8,19.27,20.0,29
목,강서구,9,23.94,24.5,34
목,강서구,10,26.87,28.0,41
목,강서구,11,26.42,26.5,39
목,강서구,12,33.94,35.0,50
목,강서구,13,29.54,31.0,49
목,강서구,14,25.12,26.0,39
목,강서구,15,27.21,29.0,41
목,강서구,16,22.08,22.0,34
목,강서구,17,17.06,17.0,27
목,강서구,18,9.27,9.0,15
목,강서구,19,5.0,5.0,10
목,강서구,20,3.6,4.0,7
목,강서구,21,2.06,2.0,8
목,강서구,22,1.29,1.5,3
목,강서구,23,0.62,1.0,3
목,관악구,0,0.12,0.0,1
목,관악구,1,0.17,0.0,1
목,관악구,2,0.19,0.0,1
목,관악구,3,0.06,0.0,1
목,관악구,4,2.29,2.0,4
목,관악구,5,0.46,0.0,2
목,관악구,6,1.65,1.0,4
목,관악구,7,11.63,12.0,18
목,관악구,8,14.08,14.0,28
목,관악구,9,15.33,16.0,24
목,관악구,10,14.06,14.5,22
목,관악구,11,13.5,14.0,23
목,관악구,12,20.17,21.0,30
목,관악구,13,14.23,14.5,24
목,관악구,14,16.85,17.0,23
목,관악구,15,14.27,14.0,23
목,관악구,16,8.5,9.0,15
목,관악구,17,6.08,6.0,14
목,관악구,18,4.27,4.0,9
목,관악구,19,2.21,2.0,6
목,관악구,20,1.13,1.0,5
목,관악구,21,1.19,1.0,4
목,관악구,22,0.9,1.0,3
목,관악구,23,0.33,0.0,3
목,광진구,0,0.13,0.0,2
목,광진구,1,0.04,0.0,1
목,광진구,2,0.0,0.0,0
목,광진구,3,0.02,0.0,1
목,광진구,4,0.02,0.0,1
목,광진구,5,0.54,1.0,2
목,광진구,6,0.85,1.0,2
목,광진구,7,6.6,7.0,12
목,광진구,8,8.29,8.5,13
목,광진구,9,10.02,10.0,18
목,광진구,10,12.1,12.0,21
목,광진구,11,11.75,12.5,20
목,광진구,12,15.96,16.0,24
목,광진구,13,11.67,11.5,28
목,광진구,14,14.15,14.5,33
목,광진구,15,13.69,14.0,29
목,광진구,16,10.83,10.5,21
목,광진구,17,9.38,10.0,17
목,광진구,18,4.29,4.0,8
목,광진구,19,2.25,2.0,7
목,광진구,20,1.6,1.0,4
목,광진구,21,1.0,1.0,4
목,광진구,22,0.62,0.0,3
목,광진구,23,0.29,0.0,3
목,구로구,0,0.25,0.0,2
목,구로구,1,0.0,0.0,0
목,구로구,2,0.08,0.0,1
목,구로구,3,0.04,0.0,2
목,구로구,4,0.13,0.0,2
목,구로구,5,0.17,0.0,1
목,구로구,6,0.19,0.0,1
목,구로구,7,6.08,6.0,11
목,구로구,8,12.96,14.0,23
목,구로구,9,15.98,17.0,21
목,구로구,10,17.04,18.0,29
목,구로구,11,15.94,16.0,27
목,구로구,12,18.63,19.0,31
목,구로구,13,15.17,15.0,28
목,구로구,14,13.1,14.0,22
목,구로구,15,12.9,13.5,19
목,구로구,16,7.62,7.0,14
목,구로구,17,5.48,5.0,12
목,구로구,18,4.81,5.0,9
목,구로구,19,2.35,2.0,7
목,구로구,20,1.38,1.0,4
목,구로구,21,1.85,1.5,5
목,구로구,22,1.31,1.0,4
목,구로구,23,0.38,0.0,3
목,금천구,0,0.04,0.0,1
목,금천구,1,0.02,0.0,1
목,금천구,2,0.04,0.0,1
목,금천구,3,0.1,0.0,1
목,금천구,4,0.21,0.0,2
목,금천구,5,0.12,0.0,2
목,금천구,6,0.56,1.0,2
목,금천구,7,6.0,6.0,11
목,금천구,8,4.42,4.0,12
목,금천구,9,7.73,8.0,14
목,금천구,10,7.92,8.0,14
목,금천구,11,5.02,5.0,12
목,금천구,12,6.27,6.0,12
목,금천구,13,6.83,6.0,12
목,금천구,14,5.12,5.0,13
목,금천구,15,4.31,4.0,9
목,금천구,16,4.0,4.0,8
목,금천구,17,3.02,3.0,9
목,금천구,18,2.67,2.5,6
목,금천구,19,1.85,2.0,4
목,금천구,20,0.62,0.0,4
목,금천구,21,0.31,0.0,2
목,금천구,22,0.33,0.0,2
목,금천구,23,0.15,0.0,1
목,노원구,0,0.63,0.0,3
목,노원구,1,0.31,0.0,2
목,노원구,2,0.19,0.0,2
목,노원구,3,0.15,0.0,2
목,노원구,4,2.06,2.0,3
목,노원구,5,1.27,1.0,3
목,노원구,6,0.92,1.0,3
목,노원구,7,19.48,20.5,33
목,노원구,8,32.25,34.0,49
목,노원구,9,44.73,47.5,60
목,노원구,10,43.98,46.0,57
목,노원구,11,36.02,37.0,49
목,노원구,12,47.02,49.0,62
목,노원구,13,51.29,52.5,66
목,노원구,14,59.19,63.0,80
목,노원구,15,54.87,57.0,77
목,노원구,16,47.06,49.0,66
목,노원구,17,29.48,30.0,46
목,노원구,18,14.94,15.0,27
목,노원구,19,7.42,7.0,16
목,노원구,20,4.69,4.5,11
목,노원구,21,2.33,2.0,5
목,노원구,22,1.79,2.0,5
목,노원구,23,1.52,1.0,5
목,도봉구,0,0.04,0.0,1
목,도봉구,1,0.12,0.0,1
목,도봉구,2,0.06,0.0,1
목,도봉구,3,0.08,0.0,1
목,도봉구,4,0.12,0.0,1
목,도봉구,5,1.17,1.0,3
목,도봉구,6,1.75,2.0,4
목,도봉구,7,3.62,4.0,9
목,도봉구,8,12.12,13.0,18
목,도봉구,9,13.42,14.5,22
목,도봉구,10,16.81,17.0,27
목,도봉구,11,12.33,12.0,20
목,도봉구,12,17.58,17.0,25
목,도봉구,13,14.6,15.5,23
목,도봉구,14,14.69,15.0,24
목,도봉구,15,16.17,17.0,26
목,도봉구,16,14.77,15.0,23
목,도봉구,17,9.08,9.0,15
목,도봉구,18,3.46,3.0,8
목,도봉구,19,2.19,2.0,6
목,도봉구,20,1.06,1.0,3
목,도봉구,21,0.83,1.0,3
목,도봉구,22,0.17,0.0,1
목,도봉구,23,0.12,0.0,2
목,동대문구,0,0.21,0.0,2
목,동대문구,1,0.13,0.0,1
목,동대문구,2,0.1,0.0,2
목,동대문구,3,0.08,0.0,1
목,동대문구,4,0.31,0.0,1
목,동대문구,5,0.21,0.0,2
목,동대문구,6,1.37,1.0,5
목,동대문구,7,10.83,12.0,18
목,동대문구,8,18.79,20.0,29
목,동대문구,9,13.71,15.0,22
목,동대문구,10,15.67,16.0,24
목,동대문구,11,15.75,16.0,26
목,동대문구,12,20.88,21.0,33
목,동대문구,13,15.63,15.5,28
목,동대문구,14,15.15,15.0,25
목,동대문구,15,14.54,15.0,26
목,동대문구,16,14.27,14.0,22
목,동대문구,17,7.69,7.5,16
목,동대문구,18,4.54,4.0,8
목,동대문구,19,1.92,2.0,8
목,동대문구,20,1.42,1.0,5
목,동대문구,21,1.9,2.0,7
목,동대문구,22,1.08,1.0,5
목,동대문구,23,0.58,0.0,4
목,동작구,0,0.04,0.0,1
목,동작구,1,0.02,0.0,1
목,동작구,2,0.02,0.0,1
목,동작구,3,0.08,0.0,1
목,동작구,4,0.6,1.0,2
목,동작구,5,1.37,1.5,3
목,동작구,6,0.58,0.5,2
목,동작구,7,6.87,7.0,11
목,동작구,8,13.81,14.0,22
목,동작구,9,10.56,11.0,19
목,동작구,10,13.6,14.0,21
목,동작구,11,16.1,16.0,26
목,동작구,12,17.23,18.0,25
목,동작구,13,10.67,10.0,20
목,동작구,14,14.33,15.0,23
목,동작구,15,9.62,10.0,16
목,동작구,16,8.54,8.0,20
목,동작구,17,5.58,5.0,10
목,동작구,18,3.17,3.0,8
목,동작구,19,2.5,2.0,7
목,동작구,20,1.29,1.0,4
목,동작구,21,0.9,1.0,3
목,동작구,22,0.62,0.0,3
목,동작구,23,0.27,0.0,2
목,마포구,0,0.12,0.0,1
목,마포구,1,0.1,0.0,2
목,마포구,2,0.02,0.0,1
목,마포구,3,0.13,0.0,1
목,마포구,4,0.67,1.0,1
목,마포구,5,0.5,0.5,1
목,마포구,6,0.63,0.0,3
목,마포구,7,12.6,13.5,18
목,마포구,8,18.35,19.0,26
목,마포구,9,18.4,20.0,28
목,마포구,10,19.83,21.0,32
목,마포구,11,21.69,22.5,29
목,마포구,12,24.08,26.0,42
목,마포구,13,34.44,38.0,52
목,마포구,14,32.52,34.5,47
목,마포구,15,26.27,27.0,41
목,마포구,16,16.75,17.5,25
목,마포구,17,11.83,12.5,19
목,마포구,18,10.77,11.0,18
목,마포구,19,4.9,4.5,15
목,마포구,20,1.42,1.0,4
목,마포구,21,1.27,1.0,4
목,마포구,22,1.27,1.0,5
목,마포구,23,0.38,0.0,4
목,서대문구,0,0.35,0.0,2
목,서대문구,1,0.23,0.0,2
목,서대문구,2,0.06,0.0,1
목,서대문구,3,0.02,0.0,1
목,서대문구,4,0.23,0.0,2
목,서대문구,5,0.73,1.0,2
목,서대문구,6,2.54,2.0,6
목,서대문구,7,11.92,12.0,17
목,서대문구,8,16.85,17.5,28
목,서대문구,9,21.52,23.0,34
목,서대문구,10,28.25,31.0,40
목,서대문구,11,23.98,25.0,43
목,서대문구,12,37.4,39.0,52
목,서대문구,13,30.38,32.0,43
목,서대문구,14,32.42,32.5,49
목,서대문구,15,22.94,24.0,35
목,서대문구,16,18.81,20.0,27
목,서대문구,17,17.21,18.0,26
목,서대문구,18,7.29,8.0,14
목,서대문구,19,2.79,2.0,7
목,서대문구,20,0.98,1.0,4
목,서대문구,21,1.04,1.0,3
목,서대문구,22,0.6,0.0,3
목,서대문구,23,0.52,0.0,3
목,서초구,0,0.17,0.0,1
목,서초구,1,0.23,0.0,2
목,서초구,2,0.58,1.0,2
목,서초구,3,0.06,0.0,1
목,서초구,4,0.04,0.0,1
목,서초구,5,0.21,0.0,2
목,서초구,6,0.08,0.0,1
목,서초구,7,4.29,4.0,10
목,서초구,8,9.52,10.0,19
목,서초구,9,9.4,10.0,18
목,서초구,10,9.08,9.0,18
목,서초구,11,9.0,9.0,17
목,서초구,12,13.23,13.0,21
목,서초구,13,11.75,11.5,23
목,서초구,14,12.31,12.5,19
목,서초구,15,11.73,12.0,24
목,서초구,16,8.75,9.0,17
목,서초구,17,6.08,6.0,12
목,서초구,18,4.19,4.0,10
목,서초구,19,3.5,3.0,7
목,서초구,20,2.27,2.0,5
목,서초구,21,1.12,1.0,4
목,서초구,22,0.42,0.0,2
목,서초구,23,0.4,0.0,2
목,성동구,0,0.06,0.0,1
목,성동구,1,0.02,0.0,1
목,성동구,2,0.08,0.0,1
목,성동구,3,0.02,0.0,1
목,성동구,4,0.4,0.0,2
목,성동구,5,0.12,0.0,1
목,성동구,6,0.65,1.0,2
목,성동구,7,3.94,4.0,8
목,성동구,8,8.71,9.0,17
목,성동구,9,6.69,7.0,13
목,성동구,10,7.77,7.5,15
목,성동구,11,8.06,8.0,18
목,성동구,12,11.13,11.0,19
목,성동구,13,11.25,12.0,20
목,성동구,14,7.48,7.0,18
목,성동구,15,6.25,7.0,14
목,성동구,16,8.13,8.0,17
목,성동구,17,9.0,10.0,15
목,성동구,18,4.38,5.0,10
목,성동구,19,1.46,1.0,6
목,성동구,20,1.06,1.0,5
목,성동구,21,0.9,1.0,4
목,성동구,22,0.65,1.0,3
목,성동구,23,0.33,0.0,3
목,성북구,0,0.12,0.0,1
목,성북구,1,0.04,0.0,1
목,성북구,2,0.04,0.0,1
목,성북구,3,0.08,0.0,1
목,성북구,4,0.13,0.0,1
목,성북구,5,0.46,0.0,1
목,성북구,6,0.85,1.0,3
목,성북구,7,12.0,12.5,19
목,성북구,8,18.15,19.0,28
목,성북구,9,16.29,17.0,23
목,성북구,10,15.19,15.5,24
목,성북구,11,9.96,9.0,22
목,성북구,12,16.1,17.0,24
목,성북구,13,14.98,15.0,29
목,성북구,14,11.48,11.0,20
목,성북구,15,15.27,15.0,23
목,성북구,16,11.29,11.0,19
목,성북구,17,6.63,7.0,12
목,성북구,18,4.98,5.0,10
목,성북구,19,1.6,1.0,5
목,성북구,20,1.31,1.0,4
목,성북구,21,0.98,1.0,4
목,성북구,22,0.35,0.0,2
목,성북구,23,0.31,0.0,3
목,송파구,0,0.23,0.0,2
목,송파구,1,0.21,0.0,2
목,송파구,2,0.06,0.0,1
목,송파구,3,0.04,0.0,1
목,송파구,4,0.21,0.0,2
목,송파구,5,0.29,0.0,1
목,송파구,6,0.58,1.0,2
목,송파구,7,11.29,12.0,18
목,송파구,8,11.5,12.0,18
목,송파구,9,12.56,13.0,22
목,송파구,10,16.23,17.0,26
목,송파구,11,14.04,14.0,23
목,송파구,12,20.15,21.0,32
목,송파구,13,15.69,16.5,23
목,송파구,14,16.08,17.0,25
목,송파구,15,12.12,12.0,20
목,송파구,16,9.79,10.0,17
목,송파구,17,8.79,9.0,16
목,송파구,18,5.35,5.0,13
목,송파구,19,2.56,2.0,8
목,송파구,20,1.52,1.0,6
목,송파구,21,1.46,1.0,5
목,송파구,22,0.96,1.0,4
목,송파구,23,0.73,0.5,4
목,양천구,0,0.1,0.0,1
목,양천구,1,0.06,0.0,2
목,양천구,2,0.02,0.0,1
목,양천구,3,0.06,0.0,1
목,양천구,4,0.17,0.0,1
목,양천구,5,0.52,0.0,3
목,양천구,6,0.29,0.0,2
목,양천구,7,5.62,6.0,12
목,양천구,8,12.08,12.5,18
목,양천구,9,13.42,14.0,25
목,양천구,10,16.12,17.0,23
목,양천구,11,15.37,16.5,22
목,양천구,12,26.06,27.5,36
목,양천구,13,20.06,20.5,30
목,양천구,14,17.06,17.0,26
목,양천구,15,15.25,15.5,27
목,양천구,16,9.17,9.0,18
목,양천구,17,7.06,7.0,13
목,양천구,18,5.27,5.0,13
목,양천구,19,2.77,2.0,6
목,양천구,20,0.73,1.0,3
목,양천구,21,0.52,0.0,4
목,양천구,22,0.79,1.0,3
목,양천구,23,0.5,0.0,2
목,영등포구,0,0.44,0.0,2
목,영등포구,1,0.23,0.0,2
목,영등포구,2,0.19,0.0,1
목,영등포구,3,0.08,0.0,2
목,영등포구,4,0.0,0.0,0
목,영등포구,5,0.13,0.0,1
목,영등포구,6,0.96,1.0,3
목,영등포구,7,8.25,9.0,15
목,영등포구,8,9.71,10.0,17
목,영등포구,9,10.75,11.0,19
목,영등포구,10,15.27,15.5,28
목,영등포구,11,13.92,14.0,23
목,영등포구,12,21.96,23.0,34
목,영등포구,13,15.27,15.0,29
목,영등포구,14,15.98,17.0,27
목,영등포구,15,17.46,18.0,30
목,영등포구,16,19.79,20.0,35
목,영등포구,17,14.31,15.0,23
목,영등포구,18,8.02,8.0,16
목,영등포구,19,4.38,4.0,10
목,영등포구,20,1.67,1.0,7
목,영등포구,21,1.46,1.0,5
목,영등포구,22,1.25,1.0,3
목,영등포구,23,0.69,1.0,3
목,용산구,0,0.21,0.0,2
목,용산구,1,0.1,0.0,1
목,용산구,2,0.1,0.0,2
목,용산구,3,0.02,0.0,1
목,용산구,4,0.0,0.0,0
목,용산구,5,0.0,0.0,0
목,용산구,6,1.12,1.0,2
목,용산구,7,5.98,6.0,11
목,용산구,8,6.37,7.0,12
목,용산구,9,6.88,7.0,13
목,용산구,10,7.73,8.0,15
목,용산구,11,6.06,6.0,12
목,용산구,12,9.75,10.0,16
목,용산구,13,7.85,8.0,14
목,용산구,14,7.08,7.0,14
목,용산구,15,6.02,6.0,11
목,용산구,16,4.4,4.0,9
목,용산구,17,3.4,3.0,7
목,용산구,18,2.13,2.0,7
목,용산구,19,1.54,1.0,5
목,용산구,20,1.0,1.0,3
목,용산구,21,1.08,1.0,5
목,용산구,22,0.96,1.0,4
목,용산구,23,0.31,0.0,2
목,은평구,0,0.08,0.0,1
목,은평구,1,0.0,0.0,0
목,은평구,2,0.0,0.0,0
목,은평구,3,0.04,0.0,1
목,은평구,4,0.54,0.5,2
목,은평구,5,0.9,1.0,3
목,은평구,6,0.92,1.0,3
목,은평구,7,10.27,11.0,16
목,은평구,8,22.94,24.0,36
목,은평구,9,23.56,25.0,38
목,은평구,10,23.65,25.0,33
목,은평구,11,20.46,21.0,29
목,은평구,12,23.54,24.0,36
목,은평구,13,22.31,23.0,35
목,은평구,14,24.65,25.0,40
목,은평구,15,21.4,21.0,34
목,은평구,16,15.25,15.5,23
목,은평구,17,11.02,11.5,18
목,은평구,18,8.15,8.0,14
목,은평구,19,3.23,3.0,7
목,은평구,20,2.54,2.0,5
목,은평구,21,1.27,1.0,5
목,은평구,22,0.48,0.0,4
목,은평구,23,0.46,0.0,2
목,종로구,0,0.35,0.0,3
목,종로구,1,0.17,0.0,2
목,종로구,2,0.06,0.0,1
목,종로구,3,0.02,0.0,1
목,종로구,4,0.04,0.0,1
목,종로구,5,0.0,0.0,0
목,종로구,6,0.1,0.0,1
목,종로구,7,4.77,5.0,9
목,종로구,8,6.13,6.0,11
목,종로구,9,6.65,7.0,11
목,종로구,10,8.96,9.0,16
목,종로구,11,10.69,10.5,18
목,종로구,12,13.87,13.5,24
목,종로구,13,12.1,12.5,22
목,종로구,14,14.73,15.5,27
목,종로구,15,10.5,10.0,20
목,종로구,16,9.02,9.0,18
목,종로구,17,8.44,8.0,18
목,종로구,18,8.83,9.0,17
목,종로구,19,5.87,6.0,12
목,종로구,20,2.42,2.0,10
목,종로구,21,1.75,2.0,5
목,종로구,22,1.75,2.0,5
목,종로구,23,0.73,0.0,4
목,중구,0,0.12,0.0,1
목,중구,1,0.13,0.0,2
목,중구,2,0.12,0.0,1
목,중구,3,0.02,0.0,1
목,중구,4,0.08,0.0,1
목,중구,5,0.1,0.0,1
목,중구,6,0.04,0.0,1
목,중구,7,1.65,1.0,5
목,중구,8,4.46,4.0,9
목,중구,9,4.83,5.0,9
목,중구,10,7.0,7.0,12
목,중구,11,4.4,4.0,15
목,중구,12,6.77,6.5,13
목,중구,13,6.0,6.0,13
목,중구,14,4.9,5.0,10
목,중구,15,4.0,4.0,8
목,중구,16,3.81,3.0,13
목,중구,17,4.79,4.5,10
목,중구,18,4.15,4.0,11
목,중구,19,2.17,2.0,5
목,중구,20,1.63,1.0,5
목,중구,21,1.27,1.0,4
목,중구,22,1.1,1.0,4
목,중구,23,0.73,0.5,3
목,중랑구,0,0.02,0.0,1
목,중랑구,1,0.13,0.0,2
목,중랑구,2,0.1,0.0,2
목,중랑구,3,0.62,1.0,2
목,중랑구,4,0.13,0.0,1
목,중랑구,5,0.58,1.0,2
목,중랑구,6,0.96,1.0,3
목,중랑구,7,11.88,12.0,18
목,중랑구,8,10.83,11.0,18
목,중랑구,9,15.0,16.0,23
목,중랑구,10,21.02,21.5,32
목,중랑구,11,13.71,13.0,27
목,중랑구,12,24.25,25.0,34
목,중랑구,13,19.85,19.5,32
목,중랑구,14,15.9,16.0,26
목,중랑구,15,13.83,14.0,27
목,중랑구,16,15.23,15.5,27
목,중랑구,17,9.1,9.0,20
목,중랑구,18,5.81,5.5,11
목,중랑구,19,3.27,3.0,9
목,중랑구,20,1.94,2.0,5
목,중랑구,21,1.25,1.0,6
목,중랑구,22,0.94,1.0,3
목,중랑구,23,0.42,0.0,3
금,강남구,0,0.19,0.0,1
금,강남구,1,0.21,0.0,1
금,강남구,2,0.02,0.0,1
금,강남구,3,0.08,0.0,1
금,강남구,4,0.27,0.0,2
금,강남구,5,0.54,0.0,2
금,강남구,6,0.48,0.0,2
금,강남구,7,7.52,7.5,13
금,강남구,8,12.25,12.0,20
금,강남구,9,11.06,11.5,17
금,강남구,10,15.15,15.0,30
금,강남구,11,15.94,16.0,23
금,강남구,12,18.56,18.5,30
금,강남구,13,18.0,18.0,28
금,강남구,14,15.96,16.0,31
금,강남구,15,10.19,10.5,17
금,강남구,16,8.42,9.0,15
금,강남구,17,5.88,6.0,14
금,강남구,18,5.37,5.0,12
금,강남구,19,3.71,3.0,11
금,강남구,20,1.87,2.0,5
금,강남구,21,1.25,1.0,3
금,강남구,22,1.31,1.0,4
금,강남구,23,0.56,0.0,2
금,강동구,0,0.31,0.0,2
금,강동구,1,0.19,0.0,2
금,강동구,2,0.12,0.0,2
금,강동구,3,0.1,0.0,2
금,강동구,4,0.83,1.0,2
금,강동구,5,1.77,2.0,3
금,강동구,6,1.0,1.0,4
금,강동구,7,11.65,12.0,19
금,강동구,8,17.15,17.0,27
금,강동구,9,21.12,21.0,32
금,강동구,10,31.12,32.0,43
금,강동구,11,29.35,31.0,40
금,강동구,12,28.37,29.0,38
금,강동구,13,27.33,28.0,37
금,강동구,14,30.88,32.0,40
금,강동구,15,22.5,22.0,36
금,강동구,16,16.12,16.0,24
금,강동구,17,14.65,16.0,24
금,강동구,18,7.52,7.0,16
금,강동구,19,3.25,3.0,9
금,강동구,20,2.19,2.0,6
금,강동구,21,1.33,1.0,4
금,강동구,22,0.65,0.0,3
금,강동구,23,0.4,0.0,3
금,강북구,0,0.1,0.0,1
금,강북구,1,0.08,0.0,1
금,강북구,2,0.15,0.0,2
금,강북구,3,0.31,0.0,2
금,강북구,4,0.6,0.0,3
금,강북구,5,0.62,0.0,2
금,강북구,6,1.85,2.0,5
금,강북구,7,9.4,9.0,15
금,강북구,8,11.08,11.0,19
금,강북구,9,9.94,10.0,19
금,강북구,10,12.92,13.0,21
금,강북구,11,14.42,15.0,21
금,강북구,12,15.15,14.0,23
금,강북구,13,11.88,12.0,20
금,강북구,14,13.21,13.0,21
금,강북구,15,12.6,13.0,19
금,강북구,16,9.85,10.0,16
금,강북구,17,5.52,5.0,13
금,강북구,18,3.46,3.0,7
금,강북구,19,2.38,2.0,7
금,강북구,20,1.5,1.0,6
금,강북구,21,1.17,1.0,4
금,강북구,22,0.5,0.0,3
금,강북구,23,0.31,0.0,2
금,강서구,0,0.37,0.0,2
금,강서구,1,0.27,0.0,2
금,강서구,2,0.27,0.0,3
금,강서구,3,0.33,0.0,3
금,강서구,4,0.94,1.0,2
금,강서구,5,0.17,0.0,2
금,강서구,6,2.04,2.0,5
금,강서구,7,10.67,10.5,18
금,강서구,8,21.06,21.0,33
금,강서구,9,29.67,30.0,43
금,강서구,10,26.35,27.0,37
금,강서구,11,25.44,26.0,36
금,강서구,12,30.38,31.0,46
금,강서구,13,28.56,28.0,42
금,강서구,14,27.83,27.0,48
금,강서구,15,26.33,27.0,37
금,강서구,16,21.87,23.0,32
금,강서구,17,15.75,16.0,25
금,강서구,18,11.31,11.0,22
금,강서구,19,5.81,5.5,12
금,강서구,20,3.54,3.0,8
금,강서구,21,2.67,3.0,6
금,강서구,22,1.58,1.0,5
금,강서구,23,1.02,1.0,5
금,관악구,0,0.13,0.0,1
금,관악구,1,0.15,0.0,1
금,관악구,2,0.12,0.0,1
금,관악구,3,0.17,0.0,2
금,관악구,4,0.1,0.0,1
금,관악구,5,0.85,1.0,2
금,관악구,6,1.9,2.0,5
금,관악구,7,10.19,10.5,17
금,관악구,8,16.13,17.0,24
금,관악구,9,14.98,15.5,27
금,관악구,10,14.13,14.0,23
금,관악구,11,15.92,16.0,27
금,관악구,12,19.73,20.0,29
금,관악구,13,13.71,14.0,24
금,관악구,14,15.62,16.0,27
금,관악구,15,14.06,14.0,21
금,관악구,16,9.29,9.5,15
금,관악구,17,5.21,5.0,11
금,관악구,18,3.44,3.0,7
금,관악구,19,1.52,1.0,5
금,관악구,20,0.96,1.0,4
금,관악구,21,0.83,1.0,3
금,관악구,22,1.0,1.0,3
금,관악구,23,0.71,1.0,3
금,광진구,0,0.17,0.0,1
금,광진구,1,0.08,0.0,1
금,광진구,2,0.08,0.0,1
금,광진구,3,0.0,0.0,0
금,광진구,4,0.04,0.0,1
금,광진구,5,0.12,0.0,1
금,광진구,6,0.94,1.0,2
금,광진구,7,5.96,6.0,12
금,광진구,8,8.23,8.0,15
금,광진구,9,12.35,13.0,20
금,광진구,10,12.58,13.0,23
금,광진구,11,11.79,12.0,17
금,광진구,12,16.4,17.0,25
금,광진구,13,10.87,11.0,18
금,광진구,14,15.88,16.0,23
금,광진구,15,11.02,11.0,18
금,광진구,16,7.73,8.0,14
금,광진구,17,7.15,7.0,14
금,광진구,18,4.23,4.0,8
금,광진구,19,2.37,3.0,5
금,광진구,20,1.21,1.0,4
금,광진구,21,0.63,0.0,3
금,광진구,22,0.77,1.0,3
금,광진구,23,0.37,0.0,2
금,구로구,0,0.17,0.0,2
금,구로구,1,0.02,0.0,1
금,구로구,2,0.08,0.0,1
금,구로구,3,0.02,0.0,1
금,구로구,4,0.13,0.0,2
금,구로구,5,0.21,0.0,1
금,구로구,6,1.17,1.0,3
금,구로구,7,6.37,7.0,11
금,구로구,8,14.0,14.0,25
금,구로구,9,18.12,19.0,26
금,구로구,10,18.48,19.0,29
금,구로구,11,11.44,12.0,19
금,구로구,12,18.4,18.5,29
금,구로구,13,16.27,16.0,26
금,구로구,14,17.08,17.0,28
금,구로구,15,13.83,14.0,23
금,구로구,16,8.96,9.5,17
금,구로구,17,4.02,4.0,10
금,구로구,18,4.23,4.0,10
금,구로구,19,2.69,3.0,7
금,구로구,20,1.73,1.0,6
금,구로구,21,1.6,1.0,5
금,구로구,22,1.71,2.0,5
금,구로구,23,1.19,1.0,3
금,금천구,0,0.08,0.0,1
금,금천구,1,0.06,0.0,1
금,금천구,2,0.0,0.0,0
금,금천구,3,0.08,0.0,2
금,금천구,4,0.27,0.0,1
금,금천구,5,0.12,0.0,1
금,금천구,6,1.46,2.0,3
금,금천구,7,6.58,6.0,11
금,금천구,8,4.54,4.5,12
금,금천구,9,7.38,8.0,12
금,금천구,10,7.56,8.0,14
금,금천구,11,6.33,6.0,12
금,금천구,12,7.6,8.0,15
금,금천구,13,8.63,8.5,14
금,금천구,14,5.19,5.0,14
금,금천구,15,4.92,5.0,9
금,금천구,16,4.31,4.0,12
금,금천구,17,3.4,3.0,8
금,금천구,18,2.88,3.0,6
금,금천구,19,1.46,1.0,6
금,금천구,20,0.73,1.0,3
금,금천구,21,0.58,0.0,2
금,금천구,22,0.25,0.0,2
금,금천구,23,0.19,0.0,2
금,노원구,0,0.81,1.0,3
금,노원구,1,0.21,0.0,2
금,노원구,2,0.85,1.0,2
금,노원구,3,0.37,0.0,2
금,노원구,4,1.21,1.0,3
금,노원구,5,0.31,0.0,2
금,노원구,6,1.42,1.0,4
금,노원구,7,21.29,22.0,33
금,노원구,8,34.56,36.0,48
금,노원구,9,42.06,44.0,59
금,노원구,10,47.21,47.0,66
금,노원구,11,38.44,39.5,54
금,노원구,12,57.65,59.0,75
금,노원구,13,54.15,57.0,73
금,노원구,14,62.75,66.0,82
금,노원구,15,48.35,51.0,63
금,노원구,16,39.62,40.0,54
금,노원구,17,24.63,26.0,39
금,노원구,18,14.58,14.5,28
금,노원구,19,6.92,7.0,14
금,노원구,20,4.44,4.5,14
금,노원구,21,2.71,2.0,7
금,노원구,22,1.71,1.5,6
금,노원구,23,1.06,1.0,4
금,도봉구,0,0.02,0.0,1
금,도봉구,1,0.0,0.0,0
금,도봉구,2,0.06,0.0,1
금,도봉구,3,0.12,0.0,1
금,도봉구,4,0.44,0.0,1
금,도봉구,5,1.0,1.0,2
금,도봉구,6,1.79,2.0,4
금,도봉구,7,5.75,6.0,10
금,도봉구,8,14.81,16.0,21
금,도봉구,9,14.56,15.0,21
금,도봉구,10,15.71,16.0,23
금,도봉구,11,13.04,13.0,21
금,도봉구,12,14.77,15.0,27
금,도봉구,13,15.33,16.0,28
금,도봉구,14,17.48,18.0,26
금,도봉구,15,17.17,17.0,26
금,도봉구,16,13.52,14.0,23
금,도봉구,17,7.13,7.0,15
금,도봉구,18,4.12,4.0,9
금,도봉구,19,2.1,2.0,7
금,도봉구,20,1.23,1.0,4
금,도봉구,21,0.38,0.0,2
금,도봉구,22,0.31,0.0,2
금,도봉구,23,0.13,0.0,2
금,동대문구,0,0.33,0.0,2
금,동대문구,1,0.15,0.0,2
금,동대문구,2,0.1,0.0,1
금,동대문구,3,0.06,0.0,1
금,동대문구,4,0.54,1.0,1
금,동대문구,5,0.65,1.0,2
금,동대문구,6,0.88,1.0,2
금,동대문구,7,8.58,9.0,13
금,동대문구,8,16.65,17.0,29
금,동대문구,9,16.35,16.5,24
금,동대문구,10,16.79,17.0,25
금,동대문구,11,18.19,18.0,31
금,동대문구,12,19.0,19.0,28
금,동대문구,13,13.87,14.0,21
금,동대문구,14,12.81,13.0,20
금,동대문구,15,10.81,11.0,20
금,동대문구,16,8.67,8.5,15
금,동대문구,17,6.29,6.0,13
금,동대문구,18,4.29,4.0,10
금,동대문구,19,2.75,3.0,11
금,동대문구,20,1.69,2.0,5
금,동대문구,21,2.08,2.0,5
금,동대문구,22,1.35,1.0,4
금,동대문구,23,0.54,0.0,3
금,동작구,0,0.15,0.0,1
금,동작구,1,0.04,0.0,1
금,동작구,2,0.04,0.0,1
금,동작구,3,0.04,0.0,1
금,동작구,4,0.6,1.0,2
금,동작구,5,0.67,1.0,2
금,동작구,6,0.08,0.0,1
금,동작구,7,3.52,3.0,7
금,동작구,8,12.65,12.0,22
금,동작구,9,11.42,12.0,18
금,동작구,10,13.04,13.5,20
금,동작구,11,14.33,14.0,25
금,동작구,12,18.1,18.0,29
금,동작구,13,10.77,11.0,22
금,동작구,14,14.9,15.0,23
금,동작구,15,10.13,10.0,16
금,동작구,16,8.15,8.0,15
금,동작구,17,5.46,5.0,13
금,동작구,18,3.1,3.0,7
금,동작구,19,2.42,2.0,6
금,동작구,20,1.33,1.0,4
금,동작구,21,1.1,1.0,4
금,동작구,22,0.38,0.0,3
금,동작구,23,0.31,0.0,2
금,마포구,0,0.13,0.0,1
금,마포구,1,0.04,0.0,1
금,마포구,2,0.06,0.0,1
금,마포구,3,0.44,0.0,2
금,마포구,4,1.65,2.0,3
금,마포구,5,0.75,1.0,3
금,마포구,6,1.04,1.0,4
금,마포구,7,14.19,14.0,21
금,마포구,8,21.33,22.0,30
금,마포구,9,20.52,21.0,31
금,마포구,10,21.65,22.0,30
금,마포구,11,18.62,18.0,28
금,마포구,12,29.31,29.0,49
금,마포구,13,30.58,34.0,52
금,마포구,14,35.13,36.5,52
금,마포구,15,24.94,25.5,38
금,마포구,16,17.98,18.0,31
금,마포구,17,11.85,11.0,21
금,마포구,18,10.19,10.0,19
금,마포구,19,6.37,6.0,14
금,마포구,20,1.44,1.0,4
금,마포구,21,1.13,1.0,3
금,마포구,22,1.13,1.0,4
금,마포구,23,0.63,0.0,3
금,서대문구,0,0.21,0.0,1
금,서대문구,1,0.13,0.0,1
금,서대문구,2,0.19,0.0,1
금,서대문구,3,0.04,0.0,1
금,서대문구,4,0.0,0.0,0
금,서대문구,5,0.13,0.0,1
금,서대문구,6,2.35,2.0,6
금,서대문구,7,12.08,12.0,18
금,서대문구,8,15.46,15.5,24
금,서대문구,9,20.19,20.0,29
금,서대문구,10,28.83,30.0,43
금,서대문구,11,21.23,21.0,32
금,서대문구,12,35.96,37.0,48
금,서대문구,13,23.58,24.0,33
금,서대문구,14,30.79,33.0,45
금,서대문구,15,21.56,22.0,38
금,서대문구,16,19.92,20.5,34
금,서대문구,17,15.96,17.0,25
금,서대문구,18,6.42,6.0,15
금,서대문구,19,2.77,3.0,9
금,서대문구,20,1.06,1.0,3
금,서대문구,21,0.92,1.0,4
금,서대문구,22,0.77,1.0,4
금,서대문구,23,0.33,0.0,2
금,서초구,0,0.25,0.0,3
금,서초구,1,0.21,0.0,1
금,서초구,2,0.6,1.0,2
금,서초구,3,0.06,0.0,1
금,서초구,4,0.1,0.0,1
금,서초구,5,0.06,0.0,1
금,서초구,6,0.12,0.0,2
금,서초구,7,4.69,5.0,9
금,서초구,8,7.79,8.0,13
금,서초구,9,10.13,10.0,16
금,서초구,10,10.37,10.0,19
금,서초구,11,8.06,8.0,15
금,서초구,12,13.23,13.5,20
금,서초구,13,13.27,13.5,19
금,서초구,14,11.33,11.0,18
금,서초구,15,9.31,9.0,18
금,서초구,16,8.0,8.0,16
금,서초구,17,6.48,6.0,17
금,서초구,18,4.42,5.0,10
금,서초구,19,3.77,3.0,10
금,서초구,20,2.1,2.0,6
금,서초구,21,1.21,1.0,7
금,서초구,22,0.56,0.0,2
금,서초구,23,0.29,0.0,3
금,성동구,0,0.04,0.0,1
금,성동구,1,0.12,0.0,1
금,성동구,2,0.02,0.0,1
금,성동구,3,0.02,0.0,1
금,성동구,4,0.06,0.0,1
금,성동구,5,0.27,0.0,2
금,성동구,6,1.23,1.0,3
금,성동구,7,5.12,5.0,9
금,성동구,8,10.23,11.0,18
금,성동구,9,7.85,8.0,13
금,성동구,10,8.96,9.0,17
금,성동구,11,10.62,10.5,17
금,성동구,12,13.56,13.0,23
금,성동구,13,10.67,11.0,18
금,성동구,14,8.77,8.5,18
금,성동구,15,7.29,6.5,15
금,성동구,16,8.56,9.0,18
금,성동구,17,6.96,7.0,12
금,성동구,18,4.1,4.0,8
금,성동구,19,2.37,2.0,7
금,성동구,20,0.96,1.0,3
금,성동구,21,0.52,0.0,3
금,성동구,22,0.81,1.0,3
금,성동구,23,0.37,0.0,2
금,성북구,0,0.17,0.0,2
금,성북구,1,0.08,0.0,1
금,성북구,2,0.04,0.0,1
금,성북구,3,0.06,0.0,1
금,성북구,4,0.12,0.0,2
금,성북구,5,0.15,0.0,1
금,성북구,6,0.92,1.0,3
금,성북구,7,11.27,11.0,22
금,성북구,8,17.29,17.0,26
금,성북구,9,17.29,17.0,27
금,성북구,10,14.25,14.0,25
금,성북구,11,11.87,12.0,22
금,성북구,12,15.69,16.0,24
금,성북구,13,15.23,15.0,35
금,성북구,14,11.87,12.0,25
금,성북구,15,14.5,15.0,24
금,성북구,16,11.21,11.0,17
금,성북구,17,7.19,7.0,13
금,성북구,18,5.06,5.0,9
금,성북구,19,1.6,1.0,5
금,성북구,20,0.73,1.0,3
금,성북구,21,0.88,1.0,5
금,성북구,22,0.5,0.0,3
금,성북구,23,0.27,0.0,2
금,송파구,0,0.33,0.0,2
금,송파구,1,0.13,0.0,1
금,송파구,2,0.08,0.0,1
금,송파구,3,0.02,0.0,1
금,송파구,4,0.88,1.0,2
금,송파구,5,0.56,0.5,2
금,송파구,6,1.06,1.0,3
금,송파구,7,10.04,10.0,16
금,송파구,8,12.02,12.0,21
금,송파구,9,13.87,14.0,24
금,송파구,10,16.29,16.0,26
금,송파구,11,15.25,15.0,28
금,송파구,12,24.71,25.0,34
금,송파구,13,16.02,15.5,26
금,송파구,14,17.81,18.0,27
금,송파구,15,16.33,17.0,25
금,송파구,16,13.98,14.0,21
금,송파구,17,9.6,9.0,19
금,송파구,18,6.27,6.0,13
금,송파구,19,3.83,4.0,12
금,송파구,20,1.77,1.5,6
금,송파구,21,1.5,1.0,5
금,송파구,22,1.19,1.0,4
금,송파구,23,0.73,1.0,3
금,양천구,0,0.19,0.0,1
금,양천구,1,0.02,0.0,1
금,양천구,2,0.08,0.0,1
금,양천구,3,0.08,0.0,1
금,양천구,4,0.21,0.0,1
금,양천구,5,2.27,2.0,4
금,양천구,6,0.48,0.0,2
금,양천구,7,5.46,6.0,11
금,양천구,8,11.62,12.0,18
금,양천구,9,13.15,13.5,20
금,양천구,10,21.71,22.0,33
금,양천구,11,17.31,18.0,24
금,양천구,12,23.67,24.0,32
금,양천구,13,21.13,22.0,31
금,양천구,14,18.42,19.0,26
금,양천구,15,12.52,13.0,21
금,양천구,16,9.38,9.0,17
금,양천구,17,7.23,7.0,15
금,양천구,18,5.29,5.0,11
금,양천구,19,2.25,2.0,9
금,양천구,20,1.48,1.0,5
금,양천구,21,0.52,0.0,3
금,양천구,22,0.81,1.0,3
금,양천구,23,0.5,0.0,3
금,영등포구,0,0.5,0.0,3
금,영등포구,1,0.21,0.0,2
금,영등포구,2,0.06,0.0,1
금,영등포구,3,0.1,0.0,2
금,영등포구,4,0.19,0.0,1
금,영등포구,5,0.08,0.0,1
금,영등포구,6,0.87,1.0,3
금,영등포구,7,9.25,9.0,15
금,영등포구,8,10.33,11.0,15
금,영등포구,9,9.19,9.0,17
금,영등포구,10,13.31,13.0,21
금,영등포구,11,16.81,18.0,28
금,영등포구,12,24.06,25.0,39
금,영등포구,13,20.44,20.5,41
금,영등포구,14,16.46,16.0,32
금,영등포구,15,17.31,17.0,28
금,영등포구,16,11.81,12.0,24
금,영등포구,17,10.25,10.5,18
금,영등포구,18,6.75,6.5,14
금,영등포구,19,4.52,5.0,15
금,영등포구,20,1.52,1.0,5
금,영등포구,21,1.27,1.0,4
금,영등포구,22,1.21,1.0,4
금,영등포구,23,0.6,0.5,3
금,용산구,0,0.1,0.0,1
금,용산구,1,0.19,0.0,2
금,용산구,2,0.1,0.0,1
금,용산구,3,0.0,0.0,0
금,용산구,4,0.04,0.0,1
금,용산구,5,0.0,0.0,0
금,용산구,6,0.77,1.0,2
금,용산구,7,6.63,7.0,10
금,용산구,8,7.27,8.0,11
금,용산구,9,6.69,7.0,13
금,용산구,10,7.08,7.0,13
금,용산구,11,6.96,7.0,15
금,용산구,12,7.69,8.0,15
금,용산구,13,8.19,8.0,14
금,용산구,14,5.94,5.0,14
금,용산구,15,5.35,5.0,11
금,용산구,16,3.54,3.0,9
금,용산구,17,2.65,3.0,6
금,용산구,18,1.81,2.0,5
금,용산구,19,1.5,1.0,8
금,용산구,20,0.9,1.0,7
금,용산구,21,0.85,1.0,3
금,용산구,22,0.96,1.0,5
금,용산구,23,0.71,1.0,3
금,은평구,0,0.19,0.0,3
금,은평구,1,0.1,0.0,2
금,은평구,2,0.02,0.0,1
금,은평구,3,0.04,0.0,1
금,은평구,4,0.5,0.0,2
금,은평구,5,0.92,1.0,2
금,은평구,6,1.37,1.0,4
금,은평구,7,11.48,11.0,19
금,은평구,8,24.17,25.0,37
금,은평구,9,23.17,24.0,35
금,은평구,10,24.67,25.5,35
금,은평구,11,22.46,23.5,34
금,은평구,12,24.73,25.0,37
금,은평구,13,22.33,22.0,33
금,은평구,14,20.98,22.0,30
금,은평구,15,20.19,21.0,31
금,은평구,16,15.21,14.5,24
금,은평구,17,10.54,11.0,18
금,은평구,18,8.35,9.0,14
금,은평구,19,3.96,4.0,7
금,은평구,20,2.63,3.0,6
금,은평구,21,1.44,1.0,5
금,은평구,22,0.75,1.0,3
금,은평구,23,0.38,0.0,1
금,종로구,0,0.21,0.0,2
금,종로구,1,0.25,0.0,4
금,종로구,2,0.13,0.0,1
금,종로구,3,0.06,0.0,1
금,종로구,4,0.02,0.0,1
금,종로구,5,0.06,0.0,1
금,종로구,6,0.0,0.0,0
금,종로구,7,2.98,3.0,8
금,종로구,8,6.08,6.0,10
금,종로구,9,6.46,6.0,11
금,종로구,10,8.1,8.0,15
금,종로구,11,11.37,11.5,19
금,종로구,12,15.33,15.0,25
금,종로구,13,14.31,14.0,26
금,종로구,14,15.44,16.0,25
금,종로구,15,8.69,9.0,17
금,종로구,16,8.31,9.0,18
금,종로구,17,8.81,8.0,16
금,종로구,18,7.67,7.0,18
금,종로구,19,6.46,6.0,15
금,종로구,20,2.46,2.0,7
금,종로구,21,1.75,1.0,7
금,종로구,22,1.46,1.0,5
금,종로구,23,0.6,0.0,3
금,중구,0,0.44,0.0,3
금,중구,1,0.25,0.0,2
금,중구,2,0.15,0.0,1
금,중구,3,0.12,0.0,1
금,중구,4,0.02,0.0,1
금,중구,5,0.0,0.0,0
금,중구,6,0.02,0.0,1
금,중구,7,3.17,3.0,7
금,중구,8,3.85,4.0,8
금,중구,9,4.44,4.0,11
금,중구,10,4.77,5.0,11
금,중구,11,5.44,6.0,10
금,중구,12,10.75,11.0,18
금,중구,13,5.83,5.0,11
금,중구,14,5.19,5.0,11
금,중구,15,4.79,5.0,10
금,중구,16,3.77,4.0,9
금,중구,17,4.12,4.0,10
금,중구,18,4.31,4.0,8
금,중구,19,2.62,3.0,9
금,중구,20,1.56,1.5,5
금,중구,21,1.1,1.0,7
금,중구,22,0.96,1.0,4
금,중구,23,0.67,1.0,3
금,중랑구,0,0.17,0.0,2
금,중랑구,1,0.06,0.0,1
금,중랑구,2,0.06,0.0,2
금,중랑구,3,0.04,0.0,1
금,중랑구,4,0.46,0.0,2
금,중랑구,5,0.79,1.0,2
금,중랑구,6,0.06,0.0,1
금,중랑구,7,9.33,9.0,17
금,중랑구,8,11.56,12.0,18
금,중랑구,9,15.13,15.0,29
금,중랑구,10,24.6,25.0,35
금,중랑구,11,15.35,15.0,25
금,중랑구,12,20.87,21.0,33
금,중랑구,13,15.69,16.0,25
금,중랑구,14,14.35,15.0,22
금,중랑구,15,15.21,16.0,26
금,중랑구,16,15.46,15.0,25
금,중랑구,17,10.0,10.0,18
금,중랑구,18,5.15,5.0,10
금,중랑구,19,4.13,4.0,13
금,중랑구,20,1.92,2.0,5
금,중랑구,21,1.37,1.0,5
금,중랑구,22,0.98,1.0,3
금,중랑구,23,0.5,0.0,2
토,강남구,0,0.31,0.0,2
토,강남구,1,0.13,0.0,2
토,강남구,2,0.06,0.0,1
토,강남구,3,0.1,0.0,1
토,강남구,4,0.4,0.0,2
토,강남구,5,1.15,1.0,3
토,강남구,6,0.12,0.0,2
토,강남구,7,3.56,3.0,7
토,강남구,8,6.56,7.0,11
토,강남구,9,5.38,5.5,10
토,강남구,10,8.44,8.0,19
토,강남구,11,8.25,8.0,16
토,강남구,12,10.69,11.0,16
토,강남구,13,7.83,8.0,12
토,강남구,14,6.96,6.5,13
토,강남구,15,5.58,5.0,11
토,강남구,16,3.85,4.0,9
토,강남구,17,2.87,3.0,7
토,강남구,18,2.52,2.0,8
토,강남구,19,3.23,3.0,8
토,강남구,20,1.31,1.0,4
토,강남구,21,0.87,0.5,4
토,강남구,22,0.77,1.0,3
토,강남구,23,0.31,0.0,3
토,강동구,0,0.19,0.0,2
토,강동구,1,0.15,0.0,2
토,강동구,2,0.06,0.0,1
토,강동구,3,0.1,0.0,2
토,강동구,4,0.37,0.0,2
토,강동구,5,0.9,1.0,3
토,강동구,6,0.15,0.0,1
토,강동구,7,2.19,2.0,5
토,강동구,8,4.75,5.0,10
토,강동구,9,5.96,6.0,11
토,강동구,10,8.67,8.5,19
토,강동구,11,8.5,8.5,16
토,강동구,12,10.77,11.0,18
토,강동구,13,9.94,10.0,18
토,강동구,14,8.79,9.0,18
토,강동구,15,6.33,6.0,12
토,강동구,16,7.58,8.0,14
토,강동구,17,4.79,5.0,9
토,강동구,18,3.23,3.0,8
토,강동구,19,2.27,2.0,6
토,강동구,20,1.13,1.0,4
토,강동구,21,0.73,1.0,3
토,강동구,22,0.69,0.0,3
토,강동구,23,1.27,1.0,3
토,강북구,0,0.29,0.0,3
토,강북구,1,0.08,0.0,1
토,강북구,2,0.12,0.0,1
토,강북구,3,0.23,0.0,1
토,강북구,4,0.23,0.0,1
토,강북구,5,0.81,1.0,3
토,강북구,6,0.5,0.0,2
토,강북구,7,1.98,2.0,7
토,강북구,8,4.62,4.0,12
토,강북구,9,4.71,5.0,7
토,강북구,10,5.23,5.0,12
토,강북구,11,7.33,7.0,12
토,강북구,12,9.63,9.0,17
토,강북구,13,8.46,9.0,16
토,강북구,14,5.35,5.0,9
토,강북구,15,3.87,4.0,9
토,강북구,16,4.17,4.0,13
토,강북구,17,3.06,3.0,9
토,강북구,18,2.79,2.0,8
토,강북구,19,1.77,2.0,6
토,강북구,20,0.81,1.0,4
토,강북구,21,0.83,1.0,4
토,강북구,22,0.79,1.0,3
토,강북구,23,0.44,0.0,2
토,강서구,0,1.13,1.0,5
토,강서구,1,0.42,0.0,2
토,강서구,2,0.33,0.0,3
토,강서구,3,0.35,0.0,1
토,강서구,4,1.23,1.0,3
토,강서구,5,1.98,2.0,4
토,강서구,6,0.85,1.0,3
토,강서구,7,3.81,4.0,9
토,강서구,8,9.1,8.5,16
토,강서구,9,10.85,10.0,17
토,강서구,10,12.69,13.0,20
토,강서구,11,10.79,11.5,17
토,강서구,12,15.96,16.5,25
토,강서구,13,13.69,13.0,22
토,강서구,14,11.85,12.0,19
토,강서구,15,11.56,11.0,28
토,강서구,16,8.29,8.0,15
토,강서구,17,6.4,6.0,13
토,강서구,18,5.48,5.5,11
토,강서구,19,4.56,4.0,11
토,강서구,20,2.85,3.0,8
토,강서구,21,2.06,2.0,7
토,강서구,22,1.98,2.0,6
토,강서구,23,1.08,1.0,4
토,관악구,0,0.81,1.0,3
토,관악구,1,0.35,0.0,3
토,관악구,2,0.23,0.0,1
토,관악구,3,0.94,1.0,3
토,관악구,4,2.29,2.0,4
토,관악구,5,0.48,0.0,2
토,관악구,6,0.13,0.0,2
토,관악구,7,3.38,3.0,7
토,관악구,8,4.4,4.0,11
토,관악구,9,7.35,7.0,12
토,관악구,10,5.96,6.0,13
토,관악구,11,5.21,5.0,11
토,관악구,12,6.5,6.0,11
토,관악구,13,5.98,6.0,11
토,관악구,14,5.48,6.0,9
토,관악구,15,4.48,4.0,11
토,관악구,16,2.63,3.0,7
토,관악구,17,1.87,2.0,6
토,관악구,18,2.08,2.0,5
토,관악구,19,2.13,2.0,6
토,관악구,20,1.69,2.0,4
토,관악구,21,0.77,1.0,3
토,관악구,22,0.71,0.0,4
토,관악구,23,0.33,0.0,3
토,광진구,0,0.21,0.0,2
토,광진구,1,0.1,0.0,1
토,광진구,2,0.04,0.0,1
토,광진구,3,0.0,0.0,0
토,광진구,4,0.04,0.0,1
토,광진구,5,0.62,1.0,2
토,광진구,6,0.04,0.0,1
토,광진구,7,2.56,3.0,5
토,광진구,8,2.73,3.0,8
토,광진구,9,3.4,3.0,9
토,광진구,10,4.04,4.0,9
토,광진구,11,2.88,3.0,6
토,광진구,12,4.23,4.0,10
토,광진구,13,4.62,4.0,10
토,광진구,14,3.5,3.0,9
토,광진구,15,4.17,4.0,13
토,광진구,16,3.21,3.0,7
토,광진구,17,3.87,4.0,11
토,광진구,18,2.56,2.0,10
토,광진구,19,2.17,2.0,7
토,광진구,20,1.5,1.0,4
토,광진구,21,1.17,1.0,4
토,광진구,22,0.83,1.0,2
토,광진구,23,0.38,0.0,2
토,구로구,0,0.33,0.0,2
토,구로구,1,0.21,0.0,2
토,구로구,2,0.06,0.0,1
토,구로구,3,0.06,0.0,2
토,구로구,4,0.15,0.0,1
토,구로구,5,0.21,0.0,1
토,구로구,6,0.08,0.0,1
토,구로구,7,1.31,1.0,4
토,구로구,8,4.1,4.0,7
토,구로구,9,5.0,5.0,10
토,구로구,10,5.88,6.0,10
토,구로구,11,6.62,7.0,11
토,구로구,12,7.02,7.0,13
토,구로구,13,6.08,6.0,15
토,구로구,14,4.42,4.0,10
토,구로구,15,5.29,5.0,16
토,구로구,16,3.06,3.0,8
토,구로구,17,2.85,3.0,9
토,구로구,18,2.56,2.5,7
토,구로구,19,2.46,2.0,7
토,구로구,20,1.33,1.0,3
토,구로구,21,1.6,2.0,5
토,구로구,22,1.15,1.0,5
토,구로구,23,0.33,0.0,3
토,금천구,0,0.17,0.0,1
토,금천구,1,0.1,0.0,2
토,금천구,2,0.06,0.0,1
토,금천구,3,0.06,0.0,1
토,금천구,4,0.08,0.0,1
토,금천구,5,0.15,0.0,2
토,금천구,6,0.08,0.0,1
토,금천구,7,1.37,1.0,4
토,금천구,8,4.23,4.0,8
토,금천구,9,3.79,4.0,8
토,금천구,10,3.58,3.0,10
토,금천구,11,3.42,3.0,9
토,금천구,12,3.62,4.0,6
토,금천구,13,3.6,4.0,8
토,금천구,14,3.35,3.0,8
토,금천구,15,2.62,2.5,7
토,금천구,16,1.73,1.0,7
토,금천구,17,1.12,1.0,6
토,금천구,18,0.9,1.0,2
토,금천구,19,0.88,1.0,4
토,금천구,20,0.5,0.0,3
토,금천구,21,0.15,0.0,1
토,금천구,22,0.25,0.0,1
토,금천구,23,0.17,0.0,2
토,노원구,0,0.71,0.0,3
토,노원구,1,0.54,0.5,2
토,노원구,2,0.12,0.0,1
토,노원구,3,0.08,0.0,1
토,노원구,4,2.31,2.0,3
토,노원구,5,1.5,1.0,4
토,노원구,6,0.08,0.0,1
토,노원구,7,7.73,7.5,14
토,노원구,8,10.85,11.0,19
토,노원구,9,14.54,15.0,23
토,노원구,10,15.54,15.0,24
토,노원구,11,12.87,13.0,21
토,노원구,12,20.52,20.0,33
토,노원구,13,15.33,14.5,26
토,노원구,14,10.94,11.0,19
토,노원구,15,12.56,13.0,21
토,노원구,16,10.58,11.0,17
토,노원구,17,7.77,7.0,14
토,노원구,18,7.17,7.0,12
토,노원구,19,5.92,5.0,13
토,노원구,20,3.33,3.0,9
토,노원구,21,2.58,2.5,9
토,노원구,22,1.29,1.0,5
토,노원구,23,1.31,1.0,7
토,도봉구,0,0.08,0.0,1
토,도봉구,1,0.1,0.0,2
토,도봉구,2,0.1,0.0,1
토,도봉구,3,0.04,0.0,1
토,도봉구,4,0.15,0.0,1
토,도봉구,5,1.27,1.0,3
토,도봉구,6,0.21,0.0,2
토,도봉구,7,0.79,1.0,3
토,도봉구,8,4.37,4.0,8
토,도봉구,9,3.6,4.0,8
토,도봉구,10,4.73,5.0,10
토,도봉구,11,6.08,6.0,14
토,도봉구,12,7.54,7.0,17
토,도봉구,13,5.63,6.0,12
토,도봉구,14,5.5,6.0,11
토,도봉구,15,5.77,5.0,13
토,도봉구,16,6.23,6.0,13
토,도봉구,17,3.42,3.0,8
토,도봉구,18,2.13,2.0,6
토,도봉구,19,1.94,2.0,5
토,도봉구,20,1.04,1.0,4
토,도봉구,21,0.67,0.5,3
토,도봉구,22,0.35,0.0,3
토,도봉구,23,0.17,0.0,1
토,동대문구,0,0.42,0.0,3
토,동대문구,1,0.19,0.0,1
토,동대문구,2,0.12,0.0,1
토,동대문구,3,0.06,0.0,1
토,동대문구,4,0.04,0.0,1
토,동대문구,5,0.23,0.0,2
토,동대문구,6,0.63,0.0,3
토,동대문구,7,2.54,2.0,7
토,동대문구,8,3.85,3.5,11
토,동대문구,9,4.62,5.0,8
토,동대문구,10,5.62,5.0,12
토,동대문구,11,5.62,5.0,12
토,동대문구,12,10.27,10.0,18
토,동대문구,13,8.31,8.0,13
토,동대문구,14,5.1,5.0,11
토,동대문구,15,4.52,4.0,10
토,동대문구,16,4.67,5.0,12
토,동대문구,17,3.62,3.0,8
토,동대문구,18,2.52,3.0,5
토,동대문구,19,1.98,2.0,6
토,동대문구,20,1.23,1.0,3
토,동대문구,21,0.58,0.0,3
토,동대문구,22,0.77,0.0,4
토,동대문구,23,0.63,0.0,3
토,동작구,0,0.21,0.0,2
토,동작구,1,0.04,0.0,1
토,동작구,2,0.06,0.0,1
토,동작구,3,0.1,0.0,1
토,동작구,4,0.67,1.0,2
토,동작구,5,1.46,1.0,4
토,동작구,6,0.44,0.0,3
토,동작구,7,3.23,3.0,6
토,동작구,8,2.96,3.0,7
토,동작구,9,4.38,4.0,9
토,동작구,10,5.08,5.0,10
토,동작구,11,3.31,3.0,7
토,동작구,12,3.02,3.0,8
토,동작구,13,3.65,4.0,7
토,동작구,14,4.65,5.0,11
토,동작구,15,3.44,3.0,9
토,동작구,16,1.88,2.0,7
토,동작구,17,1.31,1.0,4
토,동작구,18,1.81,2.0,6
토,동작구,19,2.0,2.0,7
토,동작구,20,0.83,1.0,4
토,동작구,21,0.9,1.0,5
토,동작구,22,0.56,0.0,3
토,동작구,23,0.25,0.0,1
토,마포구,0,0.21,0.0,2
토,마포구,1,0.21,0.0,1
토,마포구,2,0.21,0.0,1
토,마포구,3,0.04,0.0,1
토,마포구,4,0.6,1.0,1
토,마포구,5,0.42,0.0,1
토,마포구,6,0.06,0.0,1
토,마포구,7,2.71,3.0,5
토,마포구,8,4.58,5.0,8
토,마포구,9,7.42,7.0,18
토,마포구,10,8.0,8.0,13
토,마포구,11,7.67,8.0,14
토,마포구,12,8.0,8.0,15
토,마포구,13,8.87,9.0,20
토,마포구,14,7.37,7.0,14
토,마포구,15,6.79,7.0,17
토,마포구,16,4.85,5.0,9
토,마포구,17,3.67,3.0,9
토,마포구,18,3.15,3.0,12
토,마포구,19,2.96,3.0,7
토,마포구,20,1.52,1.0,5
토,마포구,21,1.35,1.0,5
토,마포구,22,1.08,1.0,4
토,마포구,23,0.35,0.0,3
토,서대문구,0,0.37,0.0,2
토,서대문구,1,0.31,0.0,3
토,서대문구,2,0.08,0.0,1
토,서대문구,3,0.06,0.0,1
토,서대문구,4,0.33,0.0,2
토,서대문구,5,0.81,1.0,2
토,서대문구,6,0.54,0.0,3
토,서대문구,7,7.25,7.0,11
토,서대문구,8,5.15,5.0,11
토,서대문구,9,6.88,6.5,14
토,서대문구,10,6.81,7.0,15
토,서대문구,11,6.04,6.0,12
토,서대문구,12,8.1,8.0,14
토,서대문구,13,8.79,8.5,18
토,서대문구,14,5.48,5.5,11
토,서대문구,15,4.98,5.0,11
토,서대문구,16,3.37,3.0,11
토,서대문구,17,2.46,2.0,8
토,서대문구,18,2.13,2.0,5
토,서대문구,19,1.37,1.0,4
토,서대문구,20,0.79,1.0,4
토,서대문구,21,0.85,1.0,3
토,서대문구,22,0.48,0.0,3
토,서대문구,23,0.58,0.0,3
토,서초구,0,0.15,0.0,1
토,서초구,1,0.29,0.0,2
토,서초구,2,0.4,0.0,2
토,서초구,3,0.13,0.0,1
토,서초구,4,0.38,0.0,2
토,서초구,5,0.71,1.0,2
토,서초구,6,0.06,0.0,2
토,서초구,7,1.04,1.0,4
토,서초구,8,2.98,3.0,6
토,서초구,9,3.37,3.0,7
토,서초구,10,3.48,3.0,9
토,서초구,11,3.65,3.0,7
토,서초구,12,4.4,4.0,12
토,서초구,13,4.71,5.0,9
토,서초구,14,4.5,4.0,9
토,서초구,15,4.63,5.0,9
토,서초구,16,3.02,3.0,7
토,서초구,17,2.38,3.0,6
토,서초구,18,2.13,2.0,5
토,서초구,19,2.62,3.0,7
토,서초구,20,1.77,1.5,5
토,서초구,21,0.67,0.0,3
토,서초구,22,0.58,0.0,3
토,서초구,23,0.29,0.0,2
토,성동구,0,0.13,0.0,1
토,성동구,1,0.06,0.0,1
토,성동구,2,0.04,0.0,1
토,성동구,3,0.15,0.0,1
토,성동구,4,0.42,0.0,2
토,성동구,5,0.04,0.0,1
토,성동구,6,0.0,0.0,0
토,성동구,7,0.71,1.0,3
토,성동구,8,1.63,1.0,5
토,성동구,9,3.0,3.0,9
토,성동구,10,3.0,3.0,6
토,성동구,11,2.54,2.0,6
토,성동구,12,3.85,4.0,9
토,성동구,13,3.63,4.0,9
토,성동구,14,3.21,3.0,8
토,성동구,15,2.83,2.0,7
토,성동구,16,3.27,3.0,8
토,성동구,17,2.42,3.0,6
토,성동구,18,1.96,2.0,5
토,성동구,19,1.62,1.0,8
토,성동구,20,0.77,1.0,4
토,성동구,21,0.52,0.0,2
토,성동구,22,0.31,0.0,2
토,성동구,23,0.13,0.0,1
토,성북구,0,0.25,0.0,3
토,성북구,1,0.23,0.0,3
토,성북구,2,0.06,0.0,1
토,성북구,3,0.04,0.0,1
토,성북구,4,0.17,0.0,2
토,성북구,5,0.6,1.0,1
토,성북구,6,0.15,0.0,1
토,성북구,7,3.04,3.0,7
토,성북구,8,4.21,4.0,10
토,성북구,9,4.46,4.0,9
토,성북구,10,7.25,7.0,13
토,성북구,11,5.5,5.0,11
토,성북구,12,7.48,7.0,14
토,성북구,13,6.71,7.0,13
토,성북구,14,5.73,6.0,10
토,성북구,15,4.88,5.0,10
토,성북구,16,3.54,3.0,9
토,성북구,17,2.6,2.0,8
토,성북구,18,2.5,2.0,9
토,성북구,19,1.87,2.0,7
토,성북구,20,1.12,1.0,4
토,성북구,21,1.12,1.0,4
토,성북구,22,0.71,1.0,2
토,성북구,23,0.37,0.0,2
토,송파구,0,0.42,0.0,2
토,송파구,1,0.27,0.0,3
토,송파구,2,0.25,0.0,2
토,송파구,3,0.19,0.0,2
토,송파구,4,0.13,0.0,1
토,송파구,5,0.27,0.0,2
토,송파구,6,0.02,0.0,1
토,송파구,7,2.67,3.0,6
토,송파구,8,3.85,4.0,8
토,송파구,9,5.58,5.0,12
토,송파구,10,7.1,7.0,12
토,송파구,11,7.37,7.0,15
토,송파구,12,10.23,10.0,17
토,송파구,13,10.13,10.0,20
토,송파구,14,7.37,7.0,14
토,송파구,15,6.46,6.0,13
토,송파구,16,5.27,5.0,11
토,송파구,17,5.02,5.0,13
토,송파구,18,3.65,4.0,8
토,송파구,19,3.77,4.0,8
토,송파구,20,2.46,2.0,9
토,송파구,21,2.48,2.0,5
토,송파구,22,1.44,1.0,5
토,송파구,23,0.58,0.0,3
토,양천구,0,0.29,0.0,2
토,양천구,1,0.27,0.0,2
토,양천구,2,0.13,0.0,3
토,양천구,3,0.17,0.0,2
토,양천구,4,0.25,0.0,1
토,양천구,5,0.71,1.0,3
토,양천구,6,0.0,0.0,0
토,양천구,7,1.42,1.0,5
토,양천구,8,5.12,5.0,10
토,양천구,9,6.38,6.0,15
토,양천구,10,6.87,7.0,12
토,양천구,11,6.5,6.0,13
토,양천구,12,7.87,7.0,14
토,양천구,13,7.46,7.0,16
토,양천구,14,5.42,5.0,12
토,양천구,15,4.31,4.0,17
토,양천구,16,3.9,3.5,9
토,양천구,17,3.15,3.0,9
토,양천구,18,3.08,3.0,9
토,양천구,19,2.44,2.0,5
토,양천구,20,1.38,1.0,8
토,양천구,21,0.92,1.0,3
토,양천구,22,1.08,1.0,4
토,양천구,23,0.33,0.0,1
토,영등포구,0,0.52,0.0,2
토,영등포구,1,0.12,0.0,1
토,영등포구,2,0.15,0.0,1
토,영등포구,3,0.06,0.0,1
토,영등포구,4,0.04,0.0,1
토,영등포구,5,0.19,0.0,1
토,영등포구,6,0.44,0.0,2
토,영등포구,7,2.33,2.0,5
토,영등포구,8,4.85,5.0,11
토,영등포구,9,5.54,6.0,10
토,영등포구,10,7.5,7.5,13
토,영등포구,11,7.44,7.0,14
토,영등포구,12,25.54,25.0,38
토,영등포구,13,13.42,12.5,26
토,영등포구,14,8.1,8.0,17
토,영등포구,15,6.62,6.5,13
토,영등포구,16,6.58,7.0,13
토,영등포구,17,5.23,5.0,12
토,영등포구,18,4.88,4.0,12
토,영등포구,19,3.0,2.5,11
토,영등포구,20,1.63,1.0,5
토,영등포구,21,1.29,1.0,4
토,영등포구,22,1.0,1.0,3
토,영등포구,23,0.58,0.0,4
토,용산구,0,0.37,0.0,2
토,용산구,1,0.37,0.0,2
토,용산구,2,0.31,0.0,2
토,용산구,3,0.08,0.0,1
토,용산구,4,0.06,0.0,1
토,용산구,5,0.0,0.0,0
토,용산구,6,0.0,0.0,0
토,용산구,7,0.33,0.0,2
토,용산구,8,2.4,3.0,5
토,용산구,9,3.46,3.0,7
토,용산구,10,4.08,3.5,10
토,용산구,11,3.21,3.0,7
토,용산구,12,3.83,4.0,8
토,용산구,13,3.54,3.0,7
토,용산구,14,2.77,2.0,7
토,용산구,15,2.85,2.0,7
토,용산구,16,1.9,2.0,7
토,용산구,17,1.96,2.0,6
토,용산구,18,1.62,1.5,4
토,용산구,19,1.94,2.0,5
토,용산구,20,1.21,1.0,5
토,용산구,21,1.13,1.0,4
토,용산구,22,1.06,1.0,5
토,용산구,23,0.62,0.0,3
토,은평구,0,0.1,0.0,1
토,은평구,1,0.13,0.0,1
토,은평구,2,0.02,0.0,1
토,은평구,3,0.06,0.0,1
토,은평구,4,0.12,0.0,1
토,은평구,5,0.58,1.0,2
토,은평구,6,0.06,0.0,1
토,은평구,7,1.33,1.0,4
토,은평구,8,8.0,8.0,11
토,은평구,9,7.9,8.0,14
토,은평구,10,8.6,9.0,15
토,은평구,11,7.52,7.0,15
토,은평구,12,9.79,9.0,19
토,은평구,13,9.6,9.0,18
토,은평구,14,7.69,8.0,13
토,은평구,15,6.17,6.0,16
토,은평구,16,4.71,4.0,12
토,은평구,17,2.81,2.0,9
토,은평구,18,2.37,2.0,7
토,은평구,19,1.69,2.0,5
토,은평구,20,1.06,1.0,3
토,은평구,21,0.77,1.0,3
토,은평구,22,0.37,0.0,3
토,은평구,23,0.44,0.0,2
토,종로구,0,0.46,0.0,5
토,종로구,1,0.31,0.0,2
토,종로구,2,0.15,0.0,2
토,종로구,3,0.13,0.0,2
토,종로구,4,0.12,0.0,2
토,종로구,5,0.1,0.0,1
토,종로구,6,0.04,0.0,1
토,종로구,7,1.33,1.0,3
토,종로구,8,1.1,1.0,4
토,종로구,9,2.81,3.0,9
토,종로구,10,3.04,3.0,7
토,종로구,11,3.69,3.5,9
토,종로구,12,6.23,6.0,12
토,종로구,13,5.44,5.0,15
토,종로구,14,4.85,4.5,10
토,종로구,15,4.62,4.0,10
토,종로구,16,3.29,3.0,8
토,종로구,17,2.94,3.0,8
토,종로구,18,3.37,3.0,12
토,종로구,19,3.25,3.0,8
토,종로구,20,1.83,2.0,5
토,종로구,21,1.37,1.0,4
토,종로구,22,0.94,1.0,4
토,종로구,23,0.46,0.0,5
토,중구,0,0.5,0.0,4
토,중구,1,0.21,0.0,1
토,중구,2,0.08,0.0,1
토,중구,3,0.13,0.0,2
토,중구,4,0.15,0.0,1
토,중구,5,0.0,0.0,0
토,중구,6,0.02,0.0,1
토,중구,7,0.19,0.0,1
토,중구,8,1.25,1.0,4
토,중구,9,2.15,2.0,6
토,중구,10,2.87,3.0,6
토,중구,11,2.29,2.0,6
토,중구,12,5.31,5.0,15
토,중구,13,3.94,4.0,8
토,중구,14,3.08,2.5,11
토,중구,15,2.92,3.0,7
토,중구,16,2.33,2.0,8
토,중구,17,1.71,2.0,5
토,중구,18,1.98,1.5,6
토,중구,19,2.44,2.0,6
토,중구,20,1.13,1.0,4
토,중구,21,0.87,1.0,3
토,중구,22,0.87,1.0,3
토,중구,23,0.29,0.0,1
토,중랑구,0,0.48,0.0,2
토,중랑구,1,0.13,0.0,1
토,중랑구,2,0.1,0.0,1
토,중랑구,3,0.04,0.0,1
토,중랑구,4,0.08,0.0,1
토,중랑구,5,0.12,0.0,1
토,중랑구,6,0.12,0.0,1
토,중랑구,7,4.44,4.5,8
토,중랑구,8,5.23,5.0,12
토,중랑구,9,4.85,4.5,12
토,중랑구,10,5.96,6.0,12
토,중랑구,11,7.13,6.0,18
토,중랑구,12,11.9,12.0,21
토,중랑구,13,9.0,9.0,18
토,중랑구,14,7.27,7.0,15
토,중랑구,15,6.08,6.0,12
토,중랑구,16,4.0,4.0,9
토,중랑구,17,2.6,2.0,7
토,중랑구,18,2.79,3.0,6
토,중랑구,19,2.9,3.0,8
토,중랑구,20,1.98,2.0,6
토,중랑구,21,1.75,2.0,5
토,중랑구,22,0.87,1.0,3
토,중랑구,23,0.5,0.0,2
일,강남구,0,0.29,0.0,1
일,강남구,1,0.17,0.0,2
일,강남구,2,0.04,0.0,1
일,강남구,3,0.02,0.0,1
일,강남구,4,0.06,0.0,1
일,강남구,5,0.31,0.0,2
일,강남구,6,0.08,0.0,1
일,강남구,7,1.38,1.0,4
일,강남구,8,7.17,7.0,13
일,강남구,9,7.52,8.0,12
일,강남구,10,6.98,7.0,11
일,강남구,11,5.94,6.0,12
일,강남구,12,9.33,9.0,16
일,강남구,13,8.25,8.0,14
일,강남구,14,6.12,6.0,10
일,강남구,15,3.58,3.5,8
일,강남구,16,3.6,3.0,9
일,강남구,17,3.06,3.0,8
일,강남구,18,2.58,3.0,7
일,강남구,19,1.58,1.0,5
일,강남구,20,0.96,1.0,5
일,강남구,21,0.67,1.0,3
일,강남구,22,0.63,0.0,3
일,강남구,23,0.27,0.0,1
일,강동구,0,0.23,0.0,2
일,강동구,1,0.06,0.0,1
일,강동구,2,0.08,0.0,1
일,강동구,3,0.23,0.0,1
일,강동구,4,0.35,0.0,2
일,강동구,5,0.08,0.0,2
일,강동구,6,0.02,0.0,1
일,강동구,7,0.83,1.0,3
일,강동구,8,5.67,6.0,11
일,강동구,9,7.63,7.5,14
일,강동구,10,7.31,7.0,14
일,강동구,11,7.52,7.0,16
일,강동구,12,11.21,11.0,19
일,강동구,13,9.69,9.0,16
일,강동구,14,6.0,6.0,13
일,강동구,15,5.71,6.0,11
일,강동구,16,4.15,4.0,9
일,강동구,17,3.79,4.0,8
일,강동구,18,3.63,3.0,9
일,강동구,19,2.65,3.0,7
일,강동구,20,1.38,1.0,5
일,강동구,21,0.71,0.5,3
일,강동구,22,0.31,0.0,3
일,강동구,23,0.4,0.0,2
일,강북구,0,0.29,0.0,2
일,강북구,1,0.12,0.0,1
일,강북구,2,0.06,0.0,1
일,강북구,3,0.17,0.0,2
일,강북구,4,0.27,0.0,2
일,강북구,5,0.08,0.0,1
일,강북구,6,0.0,0.0,0
일,강북구,7,1.12,1.0,3
일,강북구,8,4.04,4.0,8
일,강북구,9,3.83,4.0,7
일,강북구,10,3.52,3.0,11
일,강북구,11,5.23,5.0,9
일,강북구,12,7.87,8.0,17
일,강북구,13,6.9,6.5,13
일,강북구,14,4.35,4.0,9
일,강북구,15,4.33,4.0,9
일,강북구,16,2.83,2.0,8
일,강북구,17,2.46,2.0,7
일,강북구,18,1.9,2.0,5
일,강북구,19,1.56,1.0,6
일,강북구,20,1.06,1.0,4
일,강북구,21,0.46,0.0,2
일,강북구,22,0.19,0.0,2
일,강북구,23,0.13,0.0,1
일,강서구,0,0.98,1.0,3
일,강서구,1,0.23,0.0,1
일,강서구,2,0.33,0.0,3
일,강서구,3,0.35,0.0,3
일,강서구,4,1.21,1.0,3
일,강서구,5,0.69,0.5,2
일,강서구,6,0.17,0.0,2
일,강서구,7,2.62,2.0,7
일,강서구,8,10.25,10.0,16
일,강서구,9,8.52,8.0,21
일,강서구,10,10.23,10.5,18
일,강서구,11,7.35,7.0,15
일,강서구,12,13.62,13.0,25
일,강서구,13,13.62,14.0,22
일,강서구,14,10.52,10.0,18
일,강서구,15,8.69,8.5,14
일,강서구,16,6.48,6.0,12
일,강서구,17,6.17,6.0,13
일,강서구,18,3.94,4.0,8
일,강서구,19,3.06,3.0,9
일,강서구,20,1.98,2.0,6
일,강서구,21,1.12,1.0,3
일,강서구,22,0.79,1.0,3
일,강서구,23,0.94,1.0,4
일,관악구,0,0.21,0.0,2
일,관악구,1,0.1,0.0,1
일,관악구,2,0.12,0.0,1
일,관악구,3,0.02,0.0,1
일,관악구,4,0.06,0.0,1
일,관악구,5,0.06,0.0,1
일,관악구,6,0.04,0.0,1
일,관악구,7,1.73,2.0,4
일,관악구,8,4.42,5.0,9
일,관악구,9,7.21,7.0,12
일,관악구,10,4.75,4.0,9
일,관악구,11,4.62,4.5,12
일,관악구,12,6.48,6.5,13
일,관악구,13,8.42,8.0,17
일,관악구,14,6.27,6.0,11
일,관악구,15,4.73,4.0,11
일,관악구,16,2.87,2.5,9
일,관악구,17,1.77,2.0,4
일,관악구,18,2.38,2.0,6
일,관악구,19,2.83,3.0,6
일,관악구,20,0.88,1.0,3
일,관악구,21,0.6,0.0,3
일,관악구,22,0.77,1.0,3
일,관악구,23,0.33,0.0,2
일,광진구,0,0.08,0.0,1
일,광진구,1,0.04,0.0,1
일,광진구,2,0.02,0.0,1
일,광진구,3,0.06,0.0,1
일,광진구,4,0.02,0.0,1
일,광진구,5,0.0,0.0,0
일,광진구,6,0.02,0.0,1
일,광진구,7,0.9,1.0,3
일,광진구,8,2.13,2.0,6
일,광진구,9,1.15,1.0,4
일,광진구,10,1.63,2.0,6
일,광진구,11,2.85,2.5,7
일,광진구,12,1.94,2.0,5
일,광진구,13,4.52,4.5,8
일,광진구,14,4.17,4.0,8
일,광진구,15,3.1,3.0,8
일,광진구,16,2.33,2.0,7
일,광진구,17,2.96,3.0,6
일,광진구,18,2.19,2.0,7
일,광진구,19,1.29,1.0,4
일,광진구,20,0.85,1.0,4
일,광진구,21,0.63,1.0,2
일,광진구,22,0.5,0.0,3
일,광진구,23,0.37,0.0,3
일,구로구,0,0.21,0.0,2
일,구로구,1,0.08,0.0,1
일,구로구,2,0.12,0.0,2
일,구로구,3,0.02,0.0,1
일,구로구,4,0.12,0.0,1
일,구로구,5,0.04,0.0,1
일,구로구,6,0.02,0.0,1
일,구로구,7,0.27,0.0,1
일,구로구,8,4.17,4.0,8
일,구로구,9,4.5,4.5,10
일,구로구,10,5.83,6.0,11
일,구로구,11,4.58,4.0,10
일,구로구,12,4.63,5.0,9
일,구로구,13,5.46,5.0,11
일,구로구,14,4.31,4.0,10
일,구로구,15,3.77,3.0,8
일,구로구,16,4.52,4.0,10
일,구로구,17,3.31,3.0,7
일,구로구,18,2.46,2.0,7
일,구로구,19,2.65,2.0,6
일,구로구,20,1.6,1.0,7
일,구로구,21,1.48,1.0,4
일,구로구,22,0.63,1.0,3
일,구로구,23,0.52,0.0,4
일,금천구,0,0.12,0.0,2
일,금천구,1,0.04,0.0,1
일,금천구,2,0.0,0.0,0
일,금천구,3,0.08,0.0,1
일,금천구,4,0.02,0.0,1
일,금천구,5,0.06,0.0,1
일,금천구,6,0.0,0.0,0
일,금천구,7,0.92,1.0,2
일,금천구,8,1.81,2.0,5
일,금천구,9,1.98,2.0,6
일,금천구,10,4.87,5.0,9
일,금천구,11,2.63,3.0,6
일,금천구,12,3.9,4.0,8
일,금천구,13,2.79,3.0,7
일,금천구,14,2.81,3.0,7
일,금천구,15,2.12,2.0,5
일,금천구,16,1.29,1.0,4
일,금천구,17,1.4,1.0,6
일,금천구,18,0.94,1.0,4
일,금천구,19,0.75,0.0,3
일,금천구,20,0.31,0.0,3
일,금천구,21,0.12,0.0,1
일,금천구,22,0.15,0.0,2
일,금천구,23,0.1,0.0,1
일,노원구,0,1.29,1.0,4
일,노원구,1,0.21,0.0,2
일,노원구,2,0.12,0.0,2
일,노원구,3,0.19,0.0,2
일,노원구,4,1.08,1.0,2
일,노원구,5,1.02,1.0,2
일,노원구,6,0.08,0.0,1
일,노원구,7,4.31,4.0,11
일,노원구,8,13.0,13.0,19
일,노원구,9,9.98,10.0,17
일,노원구,10,13.63,14.0,21
일,노원구,11,9.27,9.0,22
일,노원구,12,18.9,18.5,28
일,노원구,13,15.31,15.0,27
일,노원구,14,12.58,13.0,26
일,노원구,15,11.13,11.0,17
일,노원구,16,7.58,7.0,13
일,노원구,17,6.62,6.0,14
일,노원구,18,5.27,5.0,12
일,노원구,19,5.54,5.0,11
일,노원구,20,1.85,2.0,5
일,노원구,21,1.15,1.0,3
일,노원구,22,1.1,1.0,4
일,노원구,23,1.06,1.0,4
일,도봉구,0,0.04,0.0,1
일,도봉구,1,0.02,0.0,1
일,도봉구,2,0.1,0.0,1
일,도봉구,3,0.12,0.0,1
일,도봉구,4,0.1,0.0,1
일,도봉구,5,0.73,1.0,2
일,도봉구,6,0.1,0.0,1
일,도봉구,7,1.15,1.0,2
일,도봉구,8,3.6,3.0,7
일,도봉구,9,3.46,3.0,8
일,도봉구,10,2.62,3.0,5
일,도봉구,11,4.81,5.0,9
일,도봉구,12,6.37,6.0,16
일,도봉구,13,7.37,8.0,12
일,도봉구,14,6.71,6.0,14
일,도봉구,15,4.35,4.0,8
일,도봉구,16,3.65,4.0,7
일,도봉구,17,2.15,2.0,6
일,도봉구,18,2.69,3.0,7
일,도봉구,19,2.06,2.0,6
일,도봉구,20,0.75,1.0,4
일,도봉구,21,0.29,0.0,1
일,도봉구,22,0.27,0.0,2
일,도봉구,23,0.29,0.0,2
일,동대문구,0,0.27,0.0,1
일,동대문구,1,0.17,0.0,1
일,동대문구,2,0.23,0.0,2
일,동대문구,3,0.1,0.0,1
일,동대문구,4,0.02,0.0,1
일,동대문구,5,0.15,0.0,2
일,동대문구,6,0.02,0.0,1
일,동대문구,7,1.19,1.0,4
일,동대문구,8,7.88,8.0,12
일,동대문구,9,8.85,9.0,14
일,동대문구,10,6.56,6.0,12
일,동대문구,11,8.23,8.0,15
일,동대문구,12,10.08,11.0,17
일,동대문구,13,6.81,7.0,13
일,동대문구,14,6.77,6.5,13
일,동대문구,15,7.38,7.0,15
일,동대문구,16,6.85,7.0,12
일,동대문구,17,5.02,5.0,9
일,동대문구,18,3.1,3.0,7
일,동대문구,19,2.37,2.0,6
일,동대문구,20,1.0,1.0,3
일,동대문구,21,0.6,0.0,3
일,동대문구,22,0.63,0.0,4
일,동대문구,23,0.92,1.0,3
일,동작구,0,0.17,0.0,1
일,동작구,1,0.1,0.0,1
일,동작구,2,0.08,0.0,1
일,동작구,3,0.04,0.0,1
일,동작구,4,0.02,0.0,1
일,동작구,5,0.04,0.0,1
일,동작구,6,0.02,0.0,1
일,동작구,7,1.1,1.0,4
일,동작구,8,4.54,4.0,8
일,동작구,9,5.96,6.0,9
일,동작구,10,3.63,4.0,9
일,동작구,11,4.62,4.5,9
일,동작구,12,2.94,3.0,9
일,동작구,13,3.79,3.0,8
일,동작구,14,4.15,4.0,11
일,동작구,15,3.83,3.5,10
일,동작구,16,2.17,2.0,6
일,동작구,17,1.63,1.0,5
일,동작구,18,1.4,1.0,5
일,동작구,19,1.17,1.0,6
일,동작구,20,0.38,0.0,3
일,동작구,21,0.25,0.0,1
일,동작구,22,0.25,0.0,1
일,동작구,23,0.21,0.0,1
일,마포구,0,0.29,0.0,2
일,마포구,1,0.15,0.0,1
일,마포구,2,0.12,0.0,1
일,마포구,3,0.12,0.0,1
일,마포구,4,0.87,1.0,2
일,마포구,5,0.29,0.0,2
일,마포구,6,0.0,0.0,0
일,마포구,7,0.58,0.0,2
일,마포구,8,4.85,5.0,9
일,마포구,9,3.94,4.0,9
일,마포구,10,5.19,5.5,10
일,마포구,11,4.73,5.0,10
일,마포구,12,6.02,6.0,11
일,마포구,13,6.9,7.0,12
일,마포구,14,7.04,6.0,15
일,마포구,15,5.15,5.0,12
일,마포구,16,4.37,4.0,10
일,마포구,17,3.46,3.0,9
일,마포구,18,2.38,2.0,7
일,마포구,19,2.12,2.0,6
일,마포구,20,1.5,1.0,5
일,마포구,21,0.81,1.0,4
일,마포구,22,0.54,0.0,3
일,마포구,23,0.46,0.0,5
일,서대문구,0,0.38,0.0,2
일,서대문구,1,0.19,0.0,2
일,서대문구,2,0.13,0.0,1
일,서대문구,3,0.12,0.0,1
일,서대문구,4,0.06,0.0,1
일,서대문구,5,0.04,0.0,1
일,서대문구,6,0.02,0.0,1
일,서대문구,7,1.77,2.0,4
일,서대문구,8,3.87,4.0,11
일,서대문구,9,4.54,4.0,11
일,서대문구,10,6.73,6.0,12
일,서대문구,11,4.73,4.0,11
일,서대문구,12,5.37,5.0,13
일,서대문구,13,5.63,5.0,11
일,서대문구,14,4.75,4.0,10
일,서대문구,15,3.06,3.0,8
일,서대문구,16,2.54,2.0,6
일,서대문구,17,2.04,2.0,6
일,서대문구,18,1.48,1.0,5
일,서대문구,19,1.0,1.0,3
일,서대문구,20,0.5,0.0,2
일,서대문구,21,0.29,0.0,2
일,서대문구,22,0.48,0.0,2
일,서대문구,23,0.56,0.0,3
일,서초구,0,0.25,0.0,2
일,서초구,1,0.73,1.0,2
일,서초구,2,0.1,0.0,1
일,서초구,3,0.06,0.0,1
일,서초구,4,0.12,0.0,1
일,서초구,5,0.63,1.0,2
일,서초구,6,0.17,0.0,1
일,서초구,7,1.23,1.0,3
일,서초구,8,2.5,2.0,5
일,서초구,9,4.35,4.0,10
일,서초구,10,4.83,5.0,10
일,서초구,11,4.0,4.0,9
일,서초구,12,6.04,6.0,10
일,서초구,13,6.9,7.0,12
일,서초구,14,4.85,5.0,10
일,서초구,15,3.48,3.5,7
일,서초구,16,2.83,2.5,7
일,서초구,17,2.88,3.0,9
일,서초구,18,2.83,3.0,6
일,서초구,19,2.54,2.0,6
일,서초구,20,1.5,1.0,4
일,서초구,21,0.62,0.0,3
일,서초구,22,0.52,0.0,3
일,서초구,23,0.25,0.0,2
일,성동구,0,0.1,0.0,1
일,성동구,1,0.06,0.0,2
일,성동구,2,0.04,0.0,1
일,성동구,3,0.02,0.0,1
일,성동구,4,0.02,0.0,1
일,성동구,5,0.02,0.0,1
일,성동구,6,0.0,0.0,0
일,성동구,7,2.25,2.0,4
일,성동구,8,2.44,2.0,6
일,성동구,9,3.31,3.0,8
일,성동구,10,3.23,3.0,9
일,성동구,11,2.54,2.5,8
일,성동구,12,3.06,3.0,8
일,성동구,13,3.27,3.0,9
일,성동구,14,3.81,4.0,8
일,성동구,15,2.54,2.0,6
일,성동구,16,1.4,1.0,4
일,성동구,17,1.12,1.0,4
일,성동구,18,1.48,1.0,6
일,성동구,19,1.08,1.0,4
일,성동구,20,0.6,0.0,3
일,성동구,21,0.19,0.0,1
일,성동구,22,0.17,0.0,1
일,성동구,23,0.21,0.0,2
일,성북구,0,0.27,0.0,3
일,성북구,1,0.19,0.0,2
일,성북구,2,0.13,0.0,1
일,성북구,3,0.08,0.0,1
일,성북구,4,0.13,0.0,2
일,성북구,5,0.0,0.0,0
일,성북구,6,0.06,0.0,1
일,성북구,7,0.62,0.0,2
일,성북구,8,4.83,5.0,8
일,성북구,9,4.75,5.0,9
일,성북구,10,6.33,6.0,11
일,성북구,11,6.0,6.0,10
일,성북구,12,5.19,5.0,10
일,성북구,13,6.31,6.0,11
일,성북구,14,4.12,4.0,8
일,성북구,15,3.81,3.0,9
일,성북구,16,2.17,2.0,5
일,성북구,17,1.5,1.0,6
일,성북구,18,1.71,2.0,4
일,성북구,19,1.27,1.0,4
일,성북구,20,0.6,0.0,3
일,성북구,21,0.37,0.0,2
일,성북구,22,0.37,0.0,4
일,성북구,23,0.27,0.0,2
일,송파구,0,0.31,0.0,2
일,송파구,1,0.19,0.0,2
일,송파구,2,0.33,0.0,4
일,송파구,3,0.06,0.0,1
일,송파구,4,1.06,1.0,2
일,송파구,5,0.19,0.0,2
일,송파구,6,0.02,0.0,1
일,송파구,7,1.25,1.0,3
일,송파구,8,4.88,5.0,10
일,송파구,9,5.81,6.0,12
일,송파구,10,8.37,8.5,12
일,송파구,11,6.42,6.0,12
일,송파구,12,10.52,10.0,19
일,송파구,13,11.5,11.0,19
일,송파구,14,6.98,6.0,15
일,송파구,15,7.79,8.0,12
일,송파구,16,6.33,6.0,12
일,송파구,17,5.35,5.0,11
일,송파구,18,2.88,2.5,8
일,송파구,19,2.6,2.0,10
일,송파구,20,1.62,2.0,4
일,송파구,21,0.83,1.0,3
일,송파구,22,0.79,0.0,5
일,송파구,23,0.5,0.0,3
일,양천구,0,0.25,0.0,3
일,양천구,1,0.06,0.0,1
일,양천구,2,0.21,0.0,1
일,양천구,3,0.21,0.0,2
일,양천구,4,0.13,0.0,2
일,양천구,5,0.75,1.0,2
일,양천구,6,0.1,0.0,1
일,양천구,7,1.5,1.0,5
일,양천구,8,4.65,4.0,8
일,양천구,9,4.67,4.0,9
일,양천구,10,4.27,4.0,9
일,양천구,11,3.56,3.0,12
일,양천구,12,7.71,8.0,15
일,양천구,13,7.48,7.5,14
일,양천구,14,5.44,5.0,9
일,양천구,15,4.85,5.0,8
일,양천구,16,3.04,3.0,7
일,양천구,17,2.0,2.0,5
일,양천구,18,1.77,2.0,4
일,양천구,19,1.02,1.0,3
일,양천구,20,0.62,0.5,2
일,양천구,21,0.37,0.0,2
일,양천구,22,0.31,0.0,2
일,양천구,23,0.25,0.0,2
일,영등포구,0,0.33,0.0,1
일,영등포구,1,0.19,0.0,2
일,영등포구,2,0.1,0.0,1
일,영등포구,3,0.48,0.0,1
일,영등포구,4,0.19,0.0,2
일,영등포구,5,0.0,0.0,0
일,영등포구,6,0.04,0.0,1
일,영등포구,7,0.44,0.0,3
일,영등포구,8,2.71,2.0,8
일,영등포구,9,4.35,4.0,9
일,영등포구,10,2.4,2.0,6
일,영등포구,11,2.65,2.0,9
일,영등포구,12,10.15,10.0,15
일,영등포구,13,8.21,8.0,14
일,영등포구,14,8.31,8.0,15
일,영등포구,15,6.33,6.0,13
일,영등포구,16,4.1,4.0,7
일,영등포구,17,4.1,4.0,10
일,영등포구,18,3.79,4.0,8
일,영등포구,19,2.38,2.0,6
일,영등포구,20,0.85,1.0,3
일,영등포구,21,0.62,0.5,3
일,영등포구,22,0.83,1.0,3
일,영등포구,23,0.52,0.0,2
일,용산구,0,0.5,0.0,2
일,용산구,1,0.17,0.0,1
일,용산구,2,0.08,0.0,1
일,용산구,3,0.15,0.0,2
일,용산구,4,0.08,0.0,2
일,용산구,5,0.04,0.0,1
일,용산구,6,0.0,0.0,0
일,용산구,7,0.4,0.0,2
일,용산구,8,1.06,1.0,4
일,용산구,9,2.69,3.0,6
일,용산구,10,4.27,4.0,10
일,용산구,11,3.42,3.0,8
일,용산구,12,4.81,5.0,10
일,용산구,13,6.31,6.0,12
일,용산구,14,3.67,3.0,7
일,용산구,15,4.29,4.0,9
일,용산구,16,2.65,2.0,8
일,용산구,17,2.31,2.0,6
일,용산구,18,2.4,2.0,6
일,용산구,19,2.75,3.0,5
일,용산구,20,0.88,1.0,3
일,용산구,21,0.62,0.5,3
일,용산구,22,0.65,1.0,2
일,용산구,23,0.5,0.0,3
일,은평구,0,0.25,0.0,3
일,은평구,1,0.12,0.0,1
일,은평구,2,0.04,0.0,1
일,은평구,3,0.08,0.0,1
일,은평구,4,0.06,0.0,2
일,은평구,5,0.04,0.0,1
일,은평구,6,0.02,0.0,1
일,은평구,7,1.42,1.0,5
일,은평구,8,7.13,7.0,11
일,은평구,9,9.52,9.5,17
일,은평구,10,10.96,11.0,20
일,은평구,11,10.58,10.0,18
일,은평구,12,9.5,9.5,16
일,은평구,13,14.63,15.0,23
일,은평구,14,9.02,9.0,14
일,은평구,15,5.88,6.0,12
일,은평구,16,4.58,5.0,8
일,은평구,17,2.81,2.0,7
일,은평구,18,2.9,3.0,7
일,은평구,19,1.9,2.0,4
일,은평구,20,0.67,0.0,6
일,은평구,21,0.54,0.0,8
일,은평구,22,0.38,0.0,3
일,은평구,23,0.37,0.0,3
일,종로구,0,0.37,0.0,3
일,종로구,1,0.15,0.0,2
일,종로구,2,0.23,0.0,2
일,종로구,3,0.13,0.0,2
일,종로구,4,0.12,0.0,1
일,종로구,5,0.02,0.0,1
일,종로구,6,0.02,0.0,1
일,종로구,7,0.17,0.0,1
일,종로구,8,1.42,1.0,4
일,종로구,9,1.62,1.0,5
일,종로구,10,2.0,2.0,5
일,종로구,11,2.6,3.0,6
일,종로구,12,5.94,6.0,12
일,종로구,13,12.65,13.0,21
일,종로구,14,7.98,7.0,15
일,종로구,15,5.44,5.0,13
일,종로구,16,3.44,3.0,8
일,종로구,17,2.73,2.5,6
일,종로구,18,2.63,2.0,9
일,종로구,19,2.48,2.0,10
일,종로구,20,1.1,1.0,4
일,종로구,21,0.77,1.0,4
일,종로구,22,0.67,0.0,3
일,종로구,23,0.5,0.0,4
일,중구,0,0.35,0.0,2
일,중구,1,0.19,0.0,2
일,중구,2,0.29,0.0,2
일,중구,3,0.04,0.0,1
일,중구,4,0.1,0.0,2
일,중구,5,0.08,0.0,1
일,중구,6,0.0,0.0,0
일,중구,7,0.12,0.0,1
일,중구,8,2.42,2.0,5
일,중구,9,1.71,1.0,5
일,중구,10,0.79,1.0,3
일,중구,11,2.42,2.0,6
일,중구,12,4.48,4.0,9
일,중구,13,5.56,5.0,11
일,중구,14,5.17,4.0,17
일,중구,15,2.46,2.0,9
일,중구,16,2.08,2.0,5
일,중구,17,1.96,2.0,7
일,중구,18,1.87,2.0,6
일,중구,19,2.1,2.0,5
일,중구,20,0.73,1.0,2
일,중구,21,0.56,0.0,4
일,중구,22,0.46,0.0,2
일,중구,23,0.56,0.0,2
일,중랑구,0,0.27,0.0,2
일,중랑구,1,0.13,0.0,1
일,중랑구,2,0.12,0.0,1
일,중랑구,3,0.67,1.0,2
일,중랑구,4,0.04,0.0,1
일,중랑구,5,0.65,1.0,2
일,중랑구,6,0.06,0.0,1
일,중랑구,7,1.69,2.0,6
일,중랑구,8,5.94,6.0,17
일,중랑구,9,5.56,5.0,12
일,중랑구,10,8.58,9.0,14
일,중랑구,11,6.23,6.0,13
일,중랑구,12,8.08,8.0,15
일,중랑구,13,7.48,7.0,13
일,중랑구,14,5.88,5.5,11
일,중랑구,15,4.17,4.0,9
일,중랑구,16,3.6,3.0,8
일,중랑구,17,2.48,2.0,8
일,중랑구,18,2.42,2.0,6
일,중랑구,19,2.6,2.5,7
일,중랑구,20,1.25,1.0,5
일,중랑구,21,0.58,0.0,4
일,중랑구,22,0.52,0.0,2
일,중랑구,23,0.52,0.0,2
